,Number of floors,Rectangular proportion,Orientation (Radians),Floor area (sqm),Glazing ratio,Construction typology
0,6,2.305897,0.324843,569.47414,0.15,2
1,3,2.343671,0.768337,207.965307,0.2,1
2,4,1.176761,2.69719,107.802787,0.2,4
3,2,1.964117,2.900744,56.081443,0.2,1
4,7,1.871713,0.25953,418.085099,0.1,8
5,3,1.04067,1.652545,125.611838,0.3,1
6,2,1.17957,1.677664,169.504977,0.2,2
7,5,1.463181,0.971112,188.419715,0.2,6
8,5,1.408762,2.169818,201.14665,0.2,6
9,2,1.666215,1.270167,952.645934,0.2,1
10,6,1.116428,2.24326,145.82682,0.2,5
11,2,2.139579,0.078265,52.050941,0.2,1
12,2,1.3379,0.479271,91.875645,0.2,1
13,2,1.307671,3.064687,423.542999,0.2,5
14,8,1.010486,1.496584,194.832912,0.3,5
15,7,1.397137,1.576781,166.186593,0.3,7
16,6,1.595685,2.370899,232.140885,0.2,8
17,3,2.491875,0.76489,263.882066,0.2,5
18,3,1.085073,2.752593,140.507972,0.2,3
19,3,1.760795,3.127246,186.415971,0.3,10
20,9,1.288713,1.038709,229.285474,0.3,7
21,5,2.546178,1.572065,381.371547,0.2,5
22,6,1.697509,0.72925,177.866371,0.2,4
23,2,1.144362,0.22712,45.118808,0.2,4
24,3,1.289895,0.160312,41.526606,0.2,3
25,10,1.219099,3.106417,192.563776,0.3,9
26,3,1.201236,3.030311,141.311395,0.2,2
27,3,1.343968,0.404941,249.80093,0.2,1
28,2,1.029476,0.22776,142.577862,0.2,3
29,3,1.550852,3.123096,103.183479,0.2,2
30,3,1.950335,2.769513,101.900071,0.2,2
31,10,3.74097,1.572295,467.199276,0.3,6
32,3,1.554769,0.058053,72.120469,0.2,3
33,2,1.407765,1.301831,68.292862,0.2,3
34,2,1.323625,1.774506,63.225211,0.2,3
35,2,1.067944,1.475673,53.157185,0.2,3
36,2,1.305868,1.662633,62.264006,0.2,3
37,5,1.018938,1.908561,244.670683,0.3,7
38,2,1.249168,0.374553,441.038794,0.2,1
39,2,1.793484,1.321111,101.143842,0.2,1
40,4,2.240462,1.217805,148.351418,0.2,2
41,4,2.238496,1.931505,151.339884,0.2,2
42,3,1.598446,1.631386,433.587182,0.2,1
43,3,2.609978,0.443005,483.588962,0.3,7
44,4,1.752439,2.466635,140.966393,0.2,1
45,2,1.494817,0.047526,75.66151,0.2,3
46,2,1.556668,1.326204,106.063962,0.2,1
47,2,1.126066,1.846304,96.813339,0.2,4
48,3,1.039884,1.979645,160.592237,0.2,1
49,2,1.310169,1.662634,61.87256,0.2,3
50,2,1.996565,3.004613,41.176276,0.2,3
51,4,1.424977,2.43831,127.437857,0.2,2
52,2,1.193237,0.355589,78.039861,0.2,4
53,2,1.296025,0.335494,49.61091,0.2,4
54,2,1.138069,0.275521,54.351864,0.2,4
55,2,2.117399,0.346441,42.807047,0.2,4
56,2,1.093477,0.27819,54.428321,0.2,4
57,2,1.111992,0.275278,53.966997,0.2,4
58,2,1.430426,2.859233,65.992473,0.2,4
59,2,1.110626,2.884663,53.382953,0.2,4
60,2,1.135811,0.281627,54.854062,0.2,4
61,2,1.081874,0.27315,129.318846,0.2,3
62,2,1.104935,0.276062,52.272301,0.2,3
63,3,1.148485,0.216429,75.141416,0.2,3
64,2,1.147551,0.290279,52.948716,0.2,3
65,2,1.231855,1.835599,63.852686,0.2,4
66,2,1.039852,0.281647,50.716889,0.2,4
67,3,1.225624,2.891549,80.339203,0.2,3
68,2,1.255398,0.268917,64.359633,0.2,4
69,2,1.204316,2.873666,80.281832,0.2,3
70,2,1.342271,2.875017,62.714585,0.2,4
71,2,2.2856,0.206695,65.348064,0.2,3
72,2,3.034301,0.136987,54.539627,0.2,3
73,2,1.463971,0.000977,65.49195,0.2,4
74,2,1.097019,0.08263,50.632981,0.2,3
75,6,1.639097,2.554187,285.029173,0.3,8
76,3,2.213287,2.578691,314.057915,0.2,3
77,4,1.869923,2.540909,83.136814,0.2,4
78,4,1.321894,0.755889,140.502206,0.2,3
79,7,1.362907,1.033079,199.704559,0.2,4
80,7,1.370319,1.222061,170.936503,0.3,9
81,7,1.412358,1.916046,219.380668,0.3,9
82,7,1.129239,0.597593,253.533122,0.3,9
83,7,1.735391,0.987463,255.836136,0.3,9
84,5,1.091378,2.558347,167.607851,0.3,9
85,3,2.259188,0.988787,314.269473,0.2,5
86,2,1.019939,2.147341,142.315947,0.2,6
87,4,2.255793,2.150156,315.68526,0.2,5
88,4,1.321324,0.968167,109.160271,0.2,3
89,4,1.711706,0.58101,125.771931,0.2,3
90,3,1.228617,2.144995,123.103819,0.2,3
91,3,1.268638,2.136919,119.616372,0.2,3
92,6,1.498907,0.558869,183.366947,0.2,3
93,4,1.453073,0.585221,87.052382,0.2,3
94,3,1.9579,0.591437,91.726577,0.2,2
95,5,1.307923,1.469012,145.031544,0.2,3
96,7,1.637035,2.457338,284.817598,0.3,8
97,2,1.100237,2.175805,138.659523,0.2,6
98,5,1.083557,2.154036,166.38851,0.3,8
99,4,1.188123,2.154051,182.461724,0.3,8
100,3,1.123174,0.550687,169.646856,0.2,3
101,4,1.128881,2.163035,164.67374,0.2,3
102,3,1.09035,0.563199,69.241932,0.2,3
103,3,2.281023,2.110268,96.984693,0.2,5
104,3,2.354285,1.892901,93.335806,0.2,5
105,3,1.456303,3.051501,142.563106,0.2,4
106,3,2.397533,2.13416,92.298113,0.2,5
107,3,2.322538,2.220457,94.771868,0.2,5
108,4,2.26198,0.94866,94.510283,0.2,4
109,3,2.296781,0.89144,94.06626,0.2,4
110,4,2.272017,0.935446,94.825223,0.2,4
111,3,2.368861,1.083569,94.406807,0.2,5
112,3,2.345432,2.219842,95.399217,0.2,4
113,3,2.374719,2.203069,95.524207,0.2,4
114,2,1.020567,2.714729,75.774674,0.2,4
115,3,1.013756,3.040318,139.596767,0.2,4
116,3,1.434382,0.090092,146.069612,0.2,4
117,2,1.21187,1.173897,136.779331,0.2,3
118,3,2.423662,0.317025,91.259173,0.2,5
119,3,2.357321,2.826062,93.89787,0.2,5
120,2,1.95942,1.058883,69.179178,0.2,3
121,2,1.680587,2.222988,66.445332,0.2,3
122,2,1.918903,1.043244,72.26666,0.2,3
123,2,2.362825,2.539671,35.887266,0.2,3
124,2,1.554638,0.601922,67.600974,0.2,3
125,2,1.380085,0.736183,64.640806,0.2,3
126,2,1.829885,0.493822,88.671732,0.2,3
127,2,1.715568,2.514033,28.416146,0.2,3
128,2,1.017911,2.479036,60.938138,0.2,3
129,2,1.039861,2.140087,53.91438,0.2,3
130,2,1.619158,0.349893,32.37683,0.2,3
131,2,1.058567,2.140087,53.028215,0.2,3
132,2,1.046154,2.036039,55.012658,0.2,3
133,2,1.045511,2.036157,55.652493,0.2,3
134,2,1.306437,1.180145,62.769424,0.2,3
135,2,1.2578,1.286242,61.545461,0.2,3
136,2,1.645056,2.002048,129.816612,0.2,3
137,2,1.327164,1.953322,63.043564,0.2,3
138,2,1.060185,0.910056,106.403589,0.2,3
139,2,1.18132,0.556718,51.767475,0.3,4
140,2,1.180784,0.806308,93.096142,0.2,3
141,2,5.253825,2.647771,30.417941,0.2,3
142,3,2.347263,0.72217,96.098679,0.2,4
143,2,2.169174,2.080808,35.042885,0.2,3
144,3,2.311514,1.084491,97.008517,0.2,5
145,2,1.222142,3.02947,45.558419,0.2,2
146,4,2.373209,0.552796,94.577876,0.2,4
147,7,1.350747,2.286293,193.36684,0.2,4
148,3,2.266323,0.892903,93.864152,0.2,4
149,2,1.348162,0.915658,62.070392,0.2,3
150,7,1.340757,0.860369,190.564935,0.2,4
151,7,1.312237,0.865006,198.440529,0.2,4
152,3,2.373335,2.980545,93.570976,0.2,5
153,7,1.32169,2.287362,194.470444,0.2,4
154,2,1.196698,1.119996,63.655624,0.2,3
155,7,1.33729,0.857859,189.746687,0.2,4
156,3,1.22474,1.259666,119.977164,0.2,2
157,5,1.117735,1.021441,288.426751,0.2,5
158,3,2.31305,2.05557,96.69045,0.2,5
159,3,1.029764,2.780265,97.433862,0.2,2
160,3,2.351544,2.106535,93.517068,0.2,5
161,7,1.358402,2.28277,192.24721,0.2,4
162,3,2.365282,2.130417,93.391726,0.2,5
163,2,1.103075,2.783798,82.878077,0.2,2
164,4,1.795048,2.836748,428.791788,0.3,7
165,3,2.350402,2.117864,93.181708,0.2,5
166,3,2.346074,2.987965,91.959858,0.2,5
167,2,1.292779,2.205812,76.09192,0.2,1
168,2,2.246777,1.175484,90.82314,0.2,1
169,2,1.182542,2.706999,97.352033,0.2,2
170,2,1.031805,2.522965,120.112488,0.2,1
171,4,1.470531,1.159933,183.178481,0.2,1
172,2,2.670932,1.956565,239.530971,0.2,2
173,2,1.386647,1.081483,177.221875,0.2,1
174,3,1.603365,2.749089,76.42726,0.2,1
175,3,2.356399,2.806339,51.551948,0.2,1
176,3,1.3065,1.898379,101.518278,0.2,1
177,3,1.156032,1.187646,153.372034,0.2,1
178,3,1.194951,1.90605,151.67096,0.2,1
179,2,1.081558,0.346811,80.719841,0.2,1
180,2,2.217806,1.992023,102.044334,0.2,1
181,2,1.833182,1.981682,60.187597,0.2,1
182,4,1.045119,2.735264,81.133701,0.2,1
183,2,1.269194,1.049958,157.845808,0.2,1
184,3,2.424998,2.132835,91.537526,0.2,5
185,3,2.369166,2.217141,94.876385,0.2,5
186,2,1.165102,1.868078,59.039487,0.2,2
187,2,2.563865,2.974078,119.106939,0.2,4
188,6,1.86164,0.781231,172.726948,0.3,8
189,6,1.876055,2.358937,172.694184,0.3,8
190,6,1.090147,2.635326,282.55207,0.2,6
191,3,2.397042,2.2116,97.076336,0.2,5
192,5,1.109422,2.119534,283.039031,0.2,5
193,2,1.292754,1.25266,64.446652,0.2,2
194,4,1.800196,2.838654,408.946043,0.3,7
195,3,2.370411,2.512342,95.407976,0.2,5
196,6,1.869139,2.356774,173.099311,0.3,8
197,3,2.332174,2.130836,94.84128,0.2,5
198,3,2.374679,2.130319,93.079977,0.2,4
199,3,2.260266,1.029356,94.931644,0.2,5
200,3,2.333784,1.093702,95.95583,0.2,5
201,3,2.322949,2.12106,95.651859,0.2,5
202,5,2.848944,1.017405,289.425595,0.2,5
203,4,1.768702,2.834949,423.619797,0.3,7
204,4,1.377517,0.550804,71.303555,0.2,2
205,4,1.491389,2.574767,69.411316,0.2,3
206,4,1.890982,2.150636,193.349533,0.2,2
207,3,1.401079,2.561054,87.374082,0.2,2
208,4,1.348654,1.013833,108.540857,0.2,2
209,3,1.53136,2.148827,136.493816,0.2,2
210,5,1.368896,2.546319,101.674591,0.2,3
211,4,1.63468,0.275819,110.954789,0.2,2
212,3,1.593978,2.565844,63.469426,0.2,3
213,3,4.475826,2.336523,628.217024,0.2,4
214,4,1.128475,0.562308,133.171904,0.2,2
215,4,1.612243,0.559584,115.653522,0.2,2
216,4,1.196544,0.567682,154.709935,0.2,3
217,4,1.029613,1.914813,203.684219,0.2,4
218,4,1.786007,2.525509,84.609252,0.2,3
219,4,1.829427,2.543578,84.092613,0.2,2
220,4,1.680128,2.560582,120.89259,0.2,2
221,4,1.448536,0.570845,103.474879,0.2,2
222,3,1.47857,2.561839,67.277726,0.2,3
223,9,1.373866,2.546761,288.116313,0.3,8
224,9,1.74038,1.581488,182.709622,0.2,6
225,9,1.748497,1.565869,186.018006,0.2,6
226,3,1.868459,1.770504,67.68243,0.2,4
227,4,1.425251,0.566826,73.396023,0.2,3
228,6,1.639391,2.312523,285.005194,0.3,8
229,4,1.33995,2.219914,148.418418,0.2,5
230,2,1.238898,1.431373,79.933295,0.2,2
231,7,1.184293,0.861736,164.123837,0.2,4
232,4,1.294704,1.723501,76.610339,0.2,4
233,4,1.304428,2.194073,128.139857,0.2,3
234,4,1.031193,0.586782,108.410489,0.2,3
235,4,1.279515,0.558672,213.724227,0.2,3
236,10,1.316123,2.56208,299.874038,0.2,5
237,9,1.728975,1.565948,181.174828,0.2,6
238,8,1.402153,2.291132,183.542377,0.2,4
239,8,1.249145,3.139798,190.233771,0.3,9
240,9,1.178991,1.57531,159.855622,0.3,8
241,6,4.649843,2.33632,566.778404,0.3,7
242,10,1.032038,1.021673,190.402223,0.3,8
243,5,1.061108,0.971483,290.499658,0.2,5
244,4,1.358484,2.170232,191.005722,0.2,5
245,4,1.363329,0.973116,191.101136,0.2,5
246,5,1.329271,1.703898,169.666414,0.3,8
247,4,1.329608,1.437898,169.826671,0.3,8
248,5,1.000058,1.437588,234.257492,0.3,8
249,4,1.333201,1.437472,191.973429,0.3,8
250,5,1.000047,3.008588,227.112727,0.3,8
251,6,1.372971,1.036278,198.249233,0.3,8
252,6,1.3732,1.03686,198.280953,0.3,8
253,7,1.016513,2.60725,285.402201,0.3,8
254,5,1.373381,0.534359,198.276263,0.3,8
255,4,1.249359,2.116394,180.037104,0.2,8
256,5,1.249502,1.025895,179.970934,0.2,8
257,6,1.37295,2.607025,198.33219,0.3,8
258,5,1.208633,1.437693,174.03677,0.3,8
259,5,1.208395,1.703959,173.995494,0.3,8
260,5,1.000253,0.132924,227.719419,0.3,8
261,5,1.329125,1.437695,169.644118,0.3,8
262,5,1.333565,1.704067,192.019922,0.3,8
263,8,1.105464,0.807001,278.688397,0.2,4
264,8,1.423646,2.349956,339.28432,0.3,7
265,4,1.057195,2.380572,245.322062,0.3,2
266,3,2.038313,1.558577,203.573395,0.2,8
267,3,1.070858,1.232195,74.660901,0.2,4
268,2,2.612164,2.010826,235.534928,0.2,3
269,2,1.472873,2.531296,141.52696,0.2,1
270,2,1.470653,2.197976,230.774263,0.1,8
271,5,1.497088,1.283372,296.560389,0.2,2
272,2,1.167471,0.864484,121.022754,0.2,1
273,2,1.451561,1.030802,138.732216,0.2,1
274,2,1.033349,2.617316,96.09567,0.3,3
275,4,1.177252,2.095752,156.947196,0.2,3
276,4,1.198696,0.222163,179.324917,0.2,4
277,3,1.919601,1.795035,81.904899,0.2,1
278,4,1.287804,2.89998,199.480928,0.2,1
279,3,1.346553,1.996017,220.222193,0.3,1
280,2,2.059918,0.745602,84.253729,0.2,1
281,2,2.124069,0.776832,75.131676,0.2,1
282,3,1.143477,0.678072,125.476282,0.2,2
283,2,1.5451,1.744455,203.994495,0.2,2
284,2,1.080683,1.274479,96.601284,0.2,1
285,3,1.854113,1.016815,136.543332,0.2,1
286,2,1.710328,2.850218,409.776922,0.2,1
287,4,1.529651,1.290941,497.829185,0.2,1
288,2,2.186552,0.636062,52.293025,0.3,8
289,4,1.35381,0.852874,208.951374,0.2,2
290,9,1.507943,1.74478,176.434485,0.3,8
291,5,1.398733,0.973373,184.048735,0.2,5
292,4,1.405749,2.166258,184.063436,0.2,5
293,9,1.530655,1.751774,178.36855,0.3,8
294,5,1.527335,0.59214,207.941998,0.2,5
295,9,1.513331,1.753754,175.60994,0.3,8
296,9,1.488867,1.950388,179.736968,0.3,8
297,9,1.492567,1.171052,176.698428,0.3,8
298,5,1.40524,0.592589,184.646161,0.2,6
299,5,1.387834,0.972512,185.657343,0.2,6
300,4,1.451644,0.590888,180.669774,0.2,6
301,9,2.457392,2.022614,300.107232,0.3,8
302,5,1.296693,0.973481,185.818506,0.2,6
303,5,1.444326,0.598107,179.886884,0.2,6
304,6,1.411234,2.168819,182.63237,0.2,6
305,9,2.036102,1.121509,249.70044,0.3,8
306,5,1.513381,1.576916,200.276777,0.2,6
307,5,1.498986,1.576922,196.199811,0.2,6
308,5,1.454106,0.003179,203.493959,0.2,6
309,5,1.520924,0.003739,194.856837,0.2,6
310,5,1.458772,3.13764,199.812174,0.2,6
311,5,1.480345,1.567103,195.38009,0.2,6
312,4,1.117788,1.765236,163.731374,0.3,8
313,4,1.115349,1.383471,165.88263,0.3,8
314,4,1.570744,2.596416,205.182083,0.3,8
315,5,1.262562,2.606013,177.334106,0.3,8
316,5,1.270762,0.877416,179.565805,0.3,8
317,5,1.300589,2.124867,175.924563,0.3,8
318,6,1.281137,2.605602,181.171004,0.3,8
319,6,1.277755,2.109146,179.336508,0.3,8
320,6,1.280944,1.027841,180.244036,0.3,8
321,2,1.242016,1.060047,170.982575,0.2,5
322,2,1.630194,1.093686,143.72504,0.2,5
323,5,2.782158,0.558852,297.15691,0.2,5
324,2,1.685948,2.032609,160.004729,0.2,5
325,2,1.751433,1.044466,165.632042,0.2,5
326,6,1.615136,1.030394,272.97126,0.2,8
327,5,2.830449,2.589645,293.190466,0.2,5
328,6,2.793434,0.554402,295.870491,0.2,5
329,4,1.111323,1.010758,165.055614,0.3,8
330,2,1.544378,2.10714,151.0862,0.2,5
331,5,1.522324,0.00368,193.873993,0.2,6
332,3,2.104612,0.380325,177.780543,0.2,4
333,2,2.848442,2.810816,65.795892,0.2,2
334,3,1.04582,0.05963,98.616546,0.2,2
335,2,1.00917,1.48429,136.07222,0.2,2
336,7,1.230437,1.89209,203.979306,0.2,4
337,2,1.894877,1.490648,103.46698,0.2,3
338,4,1.452434,2.735722,320.175544,0.2,4
339,4,1.238706,0.089275,263.767924,0.2,3
340,2,1.167012,1.542867,67.567428,0.4,1
341,3,1.305416,0.353654,68.887597,0.25,2
342,3,1.60383,3.049373,109.841283,0.2,3
343,3,1.144543,3.051928,143.932186,0.2,2
344,4,1.448884,1.485691,330.577419,0.2,3
345,5,1.538728,1.662434,231.729748,0.2,2
346,4,1.415933,0.081918,206.552679,0.2,4
347,2,1.875347,1.472563,544.985119,0.2,2
348,4,1.454068,1.661923,326.087668,0.2,3
349,4,1.091943,3.050542,176.184502,0.2,3
350,3,1.149581,0.052315,114.359951,0.2,4
351,3,1.176299,3.05091,142.330567,0.2,2
352,2,1.055804,1.49063,150.323034,0.2,4
353,4,2.271584,0.405871,156.301929,0.2,3
354,2,1.658138,1.093569,166.575663,0.2,5
355,2,1.334768,2.69963,128.349426,0.2,5
356,2,1.438185,1.766422,155.773922,0.2,5
357,2,1.764678,2.687576,191.051561,0.2,5
358,2,1.391013,1.234852,201.538656,0.2,5
359,2,1.579066,0.52456,239.721511,0.2,5
360,2,2.105242,0.468002,161.495991,0.2,5
361,2,1.599616,2.748979,229.010504,0.2,5
362,2,1.389542,2.635715,191.443155,0.2,5
363,2,1.024877,1.81533,75.45249,0.2,5
364,2,1.818828,2.665071,137.733546,0.2,5
365,2,1.08579,1.504668,176.622102,0.2,5
366,2,1.547461,1.293383,82.053199,0.2,5
367,2,2.14385,1.496809,202.948431,0.2,5
368,2,1.399142,1.317867,148.150323,0.2,5
369,2,1.293197,1.527763,166.235203,0.2,5
370,2,1.517481,1.283531,139.640475,0.2,5
371,2,1.602774,3.109407,170.431111,0.2,5
372,2,1.63025,1.847537,186.893479,0.2,5
373,2,1.83312,1.827238,168.547742,0.2,5
374,2,1.043658,0.205313,91.620355,0.2,5
375,2,1.570384,1.27342,191.953997,0.2,5
376,2,1.534095,3.104591,186.317895,0.2,5
377,2,1.358438,3.112312,151.875238,0.2,5
378,2,1.32647,1.621033,204.649273,0.2,5
379,2,2.137989,1.524351,151.578029,0.2,5
380,2,1.351319,1.842345,131.471368,0.2,5
381,2,1.270861,1.551012,158.301724,0.2,5
382,2,1.073168,3.131844,129.957068,0.2,5
383,2,1.362773,2.646791,212.220181,0.2,5
384,2,1.313478,0.481424,214.429724,0.2,5
385,3,1.935783,3.135197,250.999209,0.2,5
386,7,1.641487,3.139727,283.557093,0.2,5
387,7,2.923675,0.783062,446.833999,0.2,5
388,4,2.362569,1.559824,332.434327,0.2,5
389,3,2.446707,1.570162,468.645802,0.2,5
390,6,1.831159,3.137877,376.023498,0.2,5
391,7,2.448734,3.139744,454.221354,0.2,5
392,11,1.209353,1.567972,596.288573,0.2,5
393,11,1.192653,1.587918,660.903867,0.2,5
394,7,1.470459,0.001127,269.485412,0.2,5
395,3,1.964658,1.574999,265.638635,0.2,5
396,7,1.962516,1.569485,356.756629,0.2,5
397,7,3.24832,0.765321,494.788755,0.2,5
398,3,3.292013,1.577222,445.187841,0.2,6
399,6,3.639491,0.007657,574.531566,0.2,5
400,7,3.993821,0.001854,511.151794,0.2,5
401,3,5.815999,3.135201,752.737058,0.2,5
402,6,2.694459,1.571006,556.428891,0.2,5
403,3,3.349366,0.781948,442.249646,0.2,5
404,7,2.080727,1.572268,317.151508,0.2,5
405,3,3.858228,1.575607,501.72568,0.2,5
406,7,2.350272,1.579232,340.370794,0.2,5
407,2,1.480563,1.611444,191.563657,0.2,5
408,2,1.801917,1.530149,181.919559,0.2,5
409,2,1.631953,1.565749,190.193432,0.2,5
410,2,1.157557,0.211049,145.371001,0.2,5
411,2,1.412535,1.849721,154.943168,0.2,5
412,2,1.424218,1.327102,136.85644,0.2,5
413,2,1.325311,1.857449,190.396846,0.2,5
414,2,1.283752,0.618875,124.188269,0.2,5
415,2,1.405017,2.520926,190.937252,0.2,5
416,2,1.178102,2.004349,204.642849,0.2,5
417,2,1.349834,1.330369,136.029832,0.2,5
418,2,1.640859,2.545554,224.070285,0.2,5
419,2,1.88738,2.173406,185.182017,0.2,5
420,2,2.112412,1.818202,154.718518,0.2,5
421,7,1.203641,0.081884,185.823403,0.2,5
422,5,1.257949,0.098026,151.664008,0.3,5
423,7,1.038235,0.077578,371.981251,0.3,9
424,3,1.294375,3.043566,150.206646,0.4,1
425,7,1.114338,3.059709,194.784793,0.2,5
426,6,1.071065,1.648375,224.780472,0.3,9
427,7,1.118119,3.066217,197.630837,0.2,5
428,6,1.504708,1.49084,260.408214,0.3,5
429,7,1.188956,1.637444,216.456972,0.3,9
430,7,1.175367,1.625201,168.214398,0.2,5
431,8,1.054069,1.557567,327.61365,0.3,9
432,6,1.138668,1.649982,163.784482,0.4,2
433,7,1.109015,1.648947,203.721811,0.6,1
434,8,1.132097,1.557553,198.56908,0.3,9
435,6,1.006199,1.648962,196.163572,0.6,5
436,6,1.350636,0.078183,193.184328,0.5,1
437,2,1.074833,0.140394,105.786875,0.2,4
438,2,1.9366,1.435546,196.903883,0.2,4
439,3,1.375029,1.706046,127.926204,0.2,2
440,3,1.178773,0.323575,309.581764,0.2,2
441,3,1.30887,1.584462,309.579062,0.2,2
442,2,1.199186,0.297387,725.279338,0.2,2
443,2,1.073122,2.927544,44.418502,0.2,2
444,3,1.358577,1.333097,60.312296,0.2,2
445,3,1.12281,0.307542,63.039828,0.2,2
446,4,1.32322,0.332871,96.934666,0.2,2
447,2,1.3738,1.351794,193.985636,0.2,2
448,3,1.598769,1.462669,101.295715,0.2,2
449,3,1.581159,1.464043,100.652895,0.2,1
450,5,1.1143,1.561309,262.478477,0.2,6
451,5,1.064273,1.57382,282.835095,0.2,6
452,5,3.444887,1.567513,239.642683,0.2,6
453,5,3.290151,1.559971,252.659253,0.2,6
454,5,1.059496,1.578128,280.966978,0.2,6
455,7,1.420224,0.491946,234.661054,0.2,6
456,8,1.445864,3.031209,243.756372,0.2,5
457,8,1.397608,0.110383,229.933948,0.2,5
458,5,2.202558,1.621105,758.387857,0.2,5
459,10,1.295047,0.407647,239.667455,0.2,6
460,5,1.1841,3.123718,452.654815,0.3,10
461,5,1.402673,1.558762,260.243817,0.2,5
462,10,1.004519,0.69923,391.526422,0.2,5
463,5,1.449739,1.560037,253.867102,0.2,5
464,5,1.12191,0.015766,428.727153,0.2,5
465,5,1.440099,0.933124,257.930011,0.2,5
466,6,2.26086,1.823067,648.189502,0.2,5
467,5,1.443523,0.932984,256.339697,0.2,5
468,5,1.130215,0.637903,418.996573,0.2,5
469,6,1.203683,0.063065,251.829048,0.2,5
470,6,1.58577,1.632824,226.757319,0.2,5
471,6,1.20837,0.845746,249.818312,0.2,5
472,5,1.270353,2.310761,241.74089,0.2,5
473,5,1.526183,2.320744,225.913813,0.2,5
474,10,1.393071,2.105545,521.379679,0.2,6
475,6,1.519595,0.820848,224.561016,0.2,5
476,5,1.551996,3.078527,231.904788,0.2,5
477,2,2.635537,1.669915,184.156802,0.2,2
478,3,1.560035,1.506114,180.122182,0.2,3
479,2,1.770719,1.591111,123.603039,0.2,3
480,8,1.560392,1.608415,269.01857,0.3,6
481,7,1.597096,1.541797,271.647316,0.2,7
482,9,1.654092,1.600426,284.450498,0.2,7
483,8,1.525983,1.599424,261.791448,0.2,7
484,8,1.582021,1.599841,273.165201,0.2,7
485,8,1.496692,1.608198,255.545893,0.3,6
486,7,1.570173,1.535428,259.043441,0.2,6
487,8,1.549073,1.54149,262.139622,0.2,6
488,8,1.599402,1.541187,274.748823,0.2,7
489,5,1.145033,0.544662,444.764833,0.2,5
490,4,1.74183,1.621628,127.199702,0.2,3
491,7,1.54199,1.536301,259.744175,0.2,6
492,3,1.943737,1.412905,99.754712,0.2,3
493,5,1.003552,2.041819,178.723101,0.2,2
494,6,1.032575,0.692845,173.954286,0.2,3
495,5,1.128066,0.960806,186.787055,0.2,9
496,10,1.41275,2.15029,250.019408,0.2,5
497,3,1.424442,0.568596,69.18488,0.2,3
498,4,1.405853,0.579967,68.961568,0.2,3
499,4,1.452086,0.538437,69.515676,0.2,3
500,3,1.195207,2.194566,86.742918,0.2,4
501,7,1.745291,2.659556,263.953668,0.2,4
502,3,1.028609,0.574858,97.321225,0.2,2
503,4,1.384653,1.000695,142.507293,0.2,3
504,5,1.078328,0.987453,165.588454,0.3,8
505,5,1.188241,2.154059,182.510795,0.3,8
506,7,1.261036,2.55828,335.621234,0.3,9
507,7,1.271779,2.332636,177.354589,0.2,5
508,5,1.213933,2.938726,115.345752,0.2,3
509,5,1.868902,1.77998,68.489109,0.2,5
510,8,1.777122,1.983597,300.036587,0.3,9
511,3,1.558632,2.885007,90.606747,0.2,3
512,4,1.569367,0.592429,55.824411,0.2,3
513,3,1.420582,1.84946,157.316664,0.2,8
514,4,1.34799,1.822305,208.705555,0.2,2
515,5,1.213195,1.113142,205.902557,0.2,3
516,5,1.127549,2.256956,196.936459,0.2,3
517,4,1.419846,2.578164,69.552337,0.2,3
518,3,1.574611,2.561039,106.520465,0.2,1
519,5,1.803413,1.721026,86.574108,0.2,3
520,3,1.012862,0.139426,109.127209,0.2,3
521,4,1.019576,1.000934,159.376498,0.2,3
522,3,1.245364,2.151774,125.446411,0.2,2
523,6,1.559735,2.270844,227.035349,0.2,5
524,8,2.936238,2.264828,657.490553,0.2,5
525,10,1.355565,1.871743,243.189173,0.2,5
526,5,1.062885,0.381151,295.982726,0.2,4
527,6,1.070626,1.559883,276.500357,0.2,6
528,5,1.076915,1.561309,293.593791,0.2,4
529,5,1.087078,1.559853,280.148031,0.2,6
530,5,3.07777,1.560475,265.832926,0.2,6
531,5,1.116373,1.570791,250.249609,0.2,6
532,2,1.717374,2.097868,173.879871,0.2,5
533,7,4.112539,0.808916,524.842084,0.2,5
534,5,2.914959,1.572446,277.27349,0.2,6
535,7,1.218869,2.968765,504.024864,0.2,5
536,5,1.049046,1.584502,305.139291,0.2,6
537,5,1.14826,1.564554,266.381892,0.2,4
538,10,1.357451,2.673718,249.631324,0.2,5
539,4,2.889168,1.579379,281.219875,0.2,6
540,6,1.126675,1.566888,278.720952,0.2,4
541,5,1.082425,1.557118,286.155517,0.2,4
542,2,1.306304,3.059279,140.19196,0.2,5
543,2,1.354187,2.436235,61.495265,0.2,1
544,2,1.754582,0.377021,88.530346,0.2,1
545,3,1.145666,1.90157,170.754356,0.2,2
546,2,1.330926,0.281874,116.816906,0.2,2
547,2,1.638169,1.288923,241.348435,0.2,1
548,7,1.749298,1.378225,251.958782,0.2,3
549,6,1.031765,2.078638,179.187848,0.2,1
550,2,1.087138,0.301119,51.477276,0.2,4
551,7,1.364328,0.865037,194.034434,0.2,4
552,7,1.336817,0.86035,188.497959,0.2,4
553,5,1.106843,2.117137,285.222925,0.2,5
554,2,1.137738,3.048464,74.83735,0.2,2
555,8,1.089984,1.295759,610.359481,0.2,6
556,2,1.564407,0.092463,43.929891,0.2,3
557,4,2.244283,2.83661,343.841289,0.3,7
558,2,1.083832,1.660633,90.80257,0.2,2
559,2,1.287114,1.645311,88.341807,0.2,3
560,2,1.53971,2.225831,61.241839,0.2,3
561,2,1.181499,0.928543,57.189739,0.2,3
562,2,1.844327,1.041805,29.397155,0.2,3
563,7,1.344598,2.281032,193.753962,0.2,4
564,2,2.768141,1.04813,50.467733,0.2,3
565,2,1.236281,2.230361,53.327568,0.2,3
566,2,1.814468,2.242985,33.963716,0.2,3
567,2,1.366574,2.214232,76.310643,0.2,3
568,2,2.209103,1.04083,52.339139,0.2,3
569,3,1.342804,1.653716,114.788425,0.2,2
570,4,2.300265,0.307309,347.98348,0.3,7
571,7,1.342004,2.281087,192.545539,0.2,4
572,2,1.220321,2.225993,65.058288,0.2,4
573,2,1.134243,1.041617,56.84937,0.2,3
574,2,1.260909,0.924535,69.894764,0.2,4
575,2,1.094619,2.896751,92.228652,0.3,3
576,2,1.383237,0.921682,62.252168,0.3,4
577,2,1.116796,0.969038,49.404024,0.2,3
578,2,1.120072,0.534722,43.624749,0.3,4
579,2,2.152467,2.235815,39.254897,0.2,4
580,2,1.9304,0.931775,55.209618,0.2,3
581,2,1.681105,2.51203,50.823575,0.2,3
582,2,1.518333,2.492896,53.719072,0.2,3
583,2,1.344662,0.91835,57.315914,0.2,3
584,2,1.037174,1.569959,53.269608,0.2,3
585,2,1.394936,2.976842,77.37356,0.2,4
586,2,1.198862,1.30282,55.973372,0.2,3
587,2,1.4736,2.872675,55.487163,0.2,4
588,2,1.11677,2.840167,50.26876,0.2,4
589,2,1.016892,0.0742,54.962243,0.3,4
590,2,1.143208,0.291182,53.253287,0.2,4
591,2,1.253304,1.859562,63.261981,0.2,3
592,2,1.973641,2.516737,58.528811,0.2,3
593,3,1.402896,0.926283,64.073069,0.2,3
594,2,1.187691,0.563081,50.425352,0.2,4
595,2,1.356898,0.905777,61.189006,0.2,4
596,2,2.116053,0.556123,35.496034,0.2,4
597,9,1.441098,0.784356,242.175292,0.2,5
598,2,1.171308,2.722846,116.200764,0.2,5
599,8,1.56353,2.77285,213.17294,0.2,5
600,4,1.155103,0.92931,176.596067,0.3,7
601,5,2.932618,0.375007,277.305737,0.2,4
602,4,1.115605,0.929708,172.878771,0.3,7
603,4,1.161412,0.931528,176.535818,0.3,7
604,4,1.134741,1.273267,174.577267,0.3,7
605,5,1.138389,1.950543,257.638862,0.2,4
606,4,1.447338,1.274864,179.032438,0.3,7
607,4,1.152396,1.267802,172.075986,0.3,7
608,5,1.075894,2.769789,255.668543,0.2,4
609,4,1.143066,0.929325,174.960273,0.3,7
610,5,1.070431,2.769746,253.950167,0.2,4
611,6,2.839688,2.772654,292.548023,0.2,4
612,4,1.147349,1.277722,162.064503,0.3,7
613,6,1.08116,0.372101,250.885413,0.2,4
614,8,1.521283,0.354561,224.777897,0.2,5
615,10,1.297732,1.269849,242.674156,0.2,5
616,11,1.024271,2.460697,400.177095,0.2,5
617,4,1.124551,1.272289,172.80926,0.3,7
618,7,1.558885,0.429671,218.781925,0.2,5
619,8,1.568178,0.37584,225.809613,0.2,5
620,4,1.223864,0.127306,117.066127,0.2,2
621,4,1.225456,0.113511,114.203812,0.2,2
622,4,1.25307,3.028081,110.618395,0.2,2
623,4,1.199501,0.113931,112.22276,0.2,2
624,4,1.164426,3.027662,112.152394,0.2,2
625,3,2.294464,1.598258,374.284958,0.3,4
626,5,3.282127,0.237647,282.834547,0.2,1
627,5,1.346356,2.904854,167.514544,0.2,1
628,4,1.555473,0.229829,115.577437,0.2,1
629,5,1.131585,1.802021,179.476806,0.2,1
630,3,2.149091,0.237265,78.975781,0.2,1
631,4,1.872692,2.871722,72.677654,0.2,3
632,5,1.06247,1.341582,131.635794,0.2,3
633,4,1.538559,0.227779,89.687378,0.2,3
634,5,1.252335,2.910247,132.586937,0.2,4
635,5,1.265017,1.804601,175.720399,0.2,4
636,3,1.930536,1.788043,80.256418,0.2,1
637,4,2.370179,0.240275,218.31578,0.2,2
638,4,1.205067,2.901954,131.166027,0.2,3
639,4,1.155839,3.001931,89.656328,0.2,3
640,3,1.598445,2.971715,66.704939,0.4,4
641,3,1.838568,3.118426,122.942904,0.2,3
642,4,1.546964,2.913814,88.901237,0.2,2
643,4,1.414205,2.900937,108.719851,0.2,4
644,5,1.389245,0.240656,150.618039,0.2,3
645,4,1.076444,1.336941,139.946334,0.2,4
646,4,1.46501,1.328213,162.481136,0.2,1
647,5,1.31563,0.009837,219.120366,0.2,6
648,4,1.338958,1.554699,214.125452,0.2,6
649,5,1.318846,0.006029,217.478062,0.2,6
650,4,1.312762,1.56867,217.415562,0.2,6
651,2,1.745119,0.493641,193.265958,0.2,5
652,5,1.481847,1.565565,198.65219,0.2,6
653,5,1.288748,0.004239,171.582399,0.2,6
654,5,1.295387,3.136451,171.731296,0.2,6
655,2,1.212842,1.815569,197.134845,0.2,5
656,4,1.313011,0.798308,217.979627,0.2,5
657,5,1.303963,0.767318,214.384908,0.2,5
658,4,1.309184,0.806898,215.874436,0.2,5
659,5,1.306668,2.338263,217.715217,0.2,5
660,5,1.305649,2.377794,169.742057,0.2,5
661,5,1.305489,0.763836,169.709729,0.2,5
662,4,1.307848,2.337646,217.165942,0.2,5
663,5,1.311651,0.778818,211.876108,0.2,5
664,5,1.295356,2.348752,219.827902,0.2,5
665,5,1.116718,1.577453,287.356591,0.2,4
666,4,1.29655,2.350227,219.122028,0.2,5
667,5,1.501433,2.379705,194.891033,0.2,5
668,5,1.161316,1.575388,274.404048,0.2,6
669,4,1.316177,0.799801,217.190517,0.2,5
670,5,1.397419,2.339049,200.967436,0.3,9
671,2,1.564636,2.903439,202.38488,0.2,5
672,5,1.50249,2.380218,195.550472,0.2,5
673,4,1.301865,1.568615,218.077521,0.2,6
674,5,1.305593,0.009837,216.425109,0.2,6
675,3,2.60744,2.975703,103.552336,0.2,2
676,8,2.060796,2.940341,413.677373,0.3,9
677,2,2.355079,1.704658,113.231334,0.2,2
678,2,1.194168,0.09303,82.066953,0.2,2
679,2,1.417922,1.450059,85.549719,0.2,2
680,2,2.88885,2.816749,701.690859,0.2,2
681,5,1.090929,1.772048,377.64577,0.3,9
682,2,1.659488,2.963746,75.173333,0.2,2
683,2,1.074838,1.47647,112.709591,0.2,3
684,2,1.086864,2.966689,92.704696,0.2,2
685,4,1.216595,3.054949,145.229708,0.2,2
686,3,1.152466,0.086643,147.214046,0.2,2
687,4,1.15174,0.074336,142.869464,0.2,2
688,7,1.320785,0.075471,153.496511,0.6,5
689,2,1.053762,1.834882,141.555682,0.2,1
690,3,1.250236,2.282733,88.087097,0.2,1
691,3,1.367589,2.420105,92.565779,0.2,1
692,2,1.296337,0.85886,85.974381,0.2,3
693,2,1.010236,2.293829,135.064132,0.2,1
694,3,1.625286,0.740442,81.795971,0.2,1
695,2,1.283791,2.067488,162.100375,0.2,1
696,3,2.053779,1.112636,201.577497,0.2,1
697,3,1.582736,0.852361,206.450717,0.2,1
698,2,1.30629,0.85123,82.179951,0.2,3
699,3,1.044338,1.302049,122.422606,0.2,3
700,3,1.162214,2.711997,204.227344,0.2,2
701,4,1.114303,1.247636,139.478064,0.2,3
702,2,1.561544,0.636993,187.725951,0.2,2
703,2,2.971226,0.729908,169.149699,0.2,3
704,4,1.718393,0.224202,263.269806,0.2,3
705,2,1.533857,0.100122,948.931471,0.2,2
706,3,1.079049,1.592906,147.880648,0.5,3
707,4,1.330159,1.43737,169.841744,0.3,8
708,5,1.000052,0.545217,239.964189,0.2,8
709,5,1.250555,2.596264,180.011817,0.2,8
710,4,1.249696,1.025471,180.119774,0.2,8
711,6,1.000302,2.601747,240.041988,0.2,8
712,3,2.526365,2.661322,109.91623,0.2,2
713,5,1.249725,0.540402,180.019274,0.2,8
714,5,1.249357,1.030845,180.023983,0.2,8
715,3,1.31819,0.582908,203.171795,0.2,2
716,6,1.00015,2.110642,240.067004,0.2,8
717,4,1.009214,0.648861,1238.318162,0.2,2
718,2,1.716447,2.558684,178.995922,0.2,2
719,5,1.249813,0.545632,179.932854,0.2,8
720,4,1.314897,1.725139,225.175884,0.25,4
721,5,1.249359,2.601693,180.046165,0.2,8
722,2,1.838964,0.374766,116.906588,0.2,2
723,3,1.198898,2.988675,157.468703,0.3,3
724,8,1.574976,1.500364,225.189089,0.2,5
725,7,1.054061,1.557516,330.421741,0.3,9
726,4,1.090048,1.556248,381.023137,0.3,9
727,9,1.151707,3.07176,327.370054,0.2,5
728,6,1.53092,1.508697,335.739127,0.3,9
729,7,1.636613,1.637847,248.868672,0.2,5
730,7,1.044942,1.496994,187.3011,0.5,5
731,7,1.066857,1.542822,217.071255,0.3,1
732,6,1.427231,2.946726,319.124632,0.4,9
733,7,1.505185,1.598771,294.422113,0.3,5
734,7,1.113361,1.377381,251.597783,0.4,9
735,7,1.409554,1.510793,334.646694,0.2,5
736,8,1.467195,1.496982,221.154018,0.2,5
737,7,1.500831,1.833577,311.291988,0.3,9
738,7,1.117447,1.931278,253.174786,0.4,9
739,7,1.482278,1.496871,220.784727,0.2,5
740,7,1.530112,2.7873,344.365532,0.4,9
741,7,1.427491,0.354296,319.055435,0.4,9
742,8,1.107202,1.308015,221.756358,0.3,10
743,7,1.228137,1.210315,259.302755,0.4,9
744,9,1.394919,0.345344,267.807604,0.3,9
745,7,1.130182,0.342001,235.442115,0.5,9
746,6,1.512062,1.633487,339.832012,0.3,9
747,4,1.742365,0.157265,120.177324,0.2,2
748,6,1.530137,0.194877,344.383132,0.4,9
749,10,1.707572,1.036048,480.446589,0.2,5
750,11,1.06539,0.157069,645.484802,0.2,5
751,8,2.560177,0.844896,668.222519,0.2,5
752,9,1.051388,0.169215,354.034989,0.2,5
753,11,1.238749,0.701855,233.150451,0.2,5
754,8,1.686692,1.842412,209.994254,0.2,5
755,8,1.70877,1.29918,213.608795,0.2,5
756,8,1.573361,1.862739,225.116728,0.2,5
757,8,1.586257,1.853022,227.39271,0.2,5
758,7,1.263114,2.099169,240.125952,0.2,5
759,9,1.508425,1.826515,215.10239,0.2,5
760,9,1.542072,1.315077,217.68837,0.2,5
761,8,1.212273,2.981728,478.330182,0.2,5
762,9,1.584504,1.824838,214.34926,0.2,5
763,8,1.591085,1.316755,215.877222,0.2,5
764,11,1.268204,1.73337,519.450829,0.2,5
765,7,1.196996,1.738206,503.560263,0.2,5
766,10,1.06794,1.402037,547.818431,0.2,5
767,5,1.588443,2.258374,224.674709,0.2,1
768,5,1.567961,2.257768,221.43001,0.2,5
769,11,2.408884,0.660979,573.138634,0.2,6
770,9,1.06755,0.158015,347.689927,0.2,5
771,5,2.812331,0.555821,291.261151,0.2,5
772,4,1.249483,2.60164,180.044154,0.2,8
773,5,2.825362,0.566157,291.452465,0.2,5
774,6,1.249479,0.539947,180.044488,0.2,8
775,5,1.250513,2.601645,179.879498,0.2,8
776,5,2.784547,2.588576,291.241292,0.2,5
777,6,1.66646,1.031125,240.012606,0.2,8
778,6,1.250656,2.601187,179.953176,0.2,8
779,6,1.583479,2.110863,227.943901,0.2,8
780,2,2.149858,2.306108,196.34753,0.2,5
781,3,4.619028,2.216325,349.043419,0.2,2
782,2,4.005515,0.634378,225.348206,0.2,1
783,6,1.000245,0.539757,239.991022,0.2,8
784,4,1.285695,2.360092,174.498895,0.2,6
785,5,1.288189,2.36005,173.716018,0.2,6
786,2,3.888906,0.78741,468.281339,0.2,6
787,6,3.354397,2.346315,511.905033,0.2,6
788,9,1.312704,2.354717,409.137068,0.3,9
789,9,1.154075,1.59721,196.646167,0.3,7
790,5,2.295727,1.574451,400.685023,0.2,8
791,9,1.148022,1.544383,200.394285,0.3,7
792,10,1.330252,0.78206,411.859841,0.3,8
793,9,1.186015,1.544942,207.424272,0.3,7
794,5,1.508018,2.349681,199.812457,0.2,6
795,6,1.333562,2.601747,191.978693,0.2,8
796,5,1.250415,0.539951,179.944169,0.2,8
797,5,1.615006,2.110537,273.025254,0.2,8
798,5,1.250362,2.601645,179.954343,0.2,8
799,5,1.58271,2.110883,228.026689,0.2,8
800,6,1.000421,0.539793,239.967551,0.2,8
801,5,1.250601,0.540402,179.964484,0.2,8
802,5,1.18102,2.264177,177.197374,0.3,8
803,6,1.615846,2.110859,272.952232,0.2,8
804,4,1.101746,1.758121,163.31947,0.3,8
805,6,1.615262,2.110733,272.937123,0.2,8
806,5,2.788113,2.575201,292.896221,0.2,5
807,2,2.240533,0.935605,356.448507,0.5,1
808,5,1.286758,0.691329,180.186338,0.3,8
809,4,1.24975,2.601642,179.903879,0.2,8
810,6,1.615641,1.030774,273.021332,0.2,8
811,2,1.471453,2.522345,165.023238,0.2,5
812,2,1.20646,0.632584,166.528777,0.2,5
813,2,1.54377,0.623566,187.648387,0.2,5
814,2,1.228032,2.221784,164.863035,0.2,5
815,2,1.105871,2.539834,159.809654,0.2,5
816,2,1.658761,2.887647,165.313047,0.2,5
817,2,1.566693,2.517421,178.332954,0.2,5
818,2,2.028105,0.611881,199.07173,0.2,5
819,2,1.765157,0.253945,178.292198,0.2,5
820,2,1.513233,3.116789,139.543896,0.2,5
821,2,1.464642,0.528664,222.336503,0.2,5
822,2,1.034256,2.046958,157.456309,0.2,5
823,2,1.085619,1.614044,132.856836,0.2,5
824,2,1.813715,1.523327,180.860202,0.2,5
825,2,1.040559,0.041206,180.477665,0.2,5
826,2,1.633827,0.525745,184.775277,0.2,5
827,2,1.523966,0.05665,157.538264,0.2,5
828,2,2.068699,3.090906,196.199258,0.2,5
829,2,1.713768,1.318586,181.874549,0.2,5
830,2,1.191543,3.113043,194.020088,0.2,5
831,2,1.360237,1.847534,193.989283,0.2,5
832,2,2.100271,1.81598,185.182524,0.2,5
833,2,1.644133,3.09677,174.641546,0.2,5
834,2,1.309454,1.79906,165.535859,0.2,5
835,2,1.481418,1.3284,198.870962,0.2,5
836,2,1.692048,0.20767,186.4896,0.2,5
837,2,1.074965,1.359116,169.315209,0.2,5
838,2,1.230394,1.36622,196.01814,0.2,5
839,2,1.691125,1.628507,169.804664,0.2,5
840,2,1.762277,1.645793,169.140722,0.2,5
841,2,1.407758,2.651621,190.803783,0.2,5
842,9,1.323155,1.406277,159.212599,0.3,8
843,9,1.668099,1.754035,194.94164,0.3,8
844,9,1.704725,1.754128,197.958147,0.3,8
845,6,1.91683,2.366344,171.557872,0.3,9
846,6,1.886229,0.784813,172.038374,0.3,7
847,6,1.889282,0.795117,171.665426,0.3,9
848,6,1.880994,2.358214,170.119108,0.3,8
849,6,1.87517,0.778231,170.847143,0.3,7
850,6,1.902326,2.36037,168.807167,0.3,9
851,6,1.868613,2.354359,168.987411,0.3,7
852,9,1.425019,1.578637,224.722991,0.2,6
853,9,1.764719,1.021436,177.226088,0.2,6
854,10,1.094166,2.11992,190.37467,0.3,8
855,9,1.740269,2.124987,178.258032,0.2,6
856,10,1.030013,2.090834,190.505336,0.3,8
857,5,1.292667,2.121774,213.360209,0.3,7
858,9,1.758456,1.021402,183.17494,0.2,6
859,7,1.389411,2.121829,263.331231,0.3,9
860,10,1.01519,0.520038,190.516377,0.3,8
861,8,1.360292,1.580286,227.859338,0.3,9
862,7,1.542572,1.580287,212.691564,0.3,9
863,7,1.480363,1.580282,215.640664,0.3,9
864,9,1.552196,1.57051,195.396818,0.3,7
865,8,1.540319,1.570523,196.061652,0.3,7
866,9,1.519682,1.569927,191.832167,0.3,7
867,9,1.560789,1.571794,196.150848,0.3,7
868,9,1.941056,2.124961,205.425771,0.2,6
869,9,1.557408,1.571138,197.63845,0.3,7
870,9,1.394661,2.105301,219.697186,0.3,7
871,10,1.009016,0.528588,194.958623,0.3,8
872,10,1.159691,1.069114,224.877145,0.3,8
873,8,1.275384,2.098637,231.328704,0.3,7
874,9,1.492988,2.120367,199.951311,0.3,7
875,9,1.29904,1.046451,228.329604,0.3,7
876,8,1.905166,1.01679,225.489258,0.3,7
877,9,1.29489,1.052546,234.279998,0.3,1
878,8,1.277794,1.045928,233.077622,0.3,5
879,9,1.257527,1.05678,229.749176,0.3,1
880,9,1.282319,1.06004,227.990324,0.3,1
881,9,1.202219,0.594832,192.066227,0.3,8
882,9,1.220107,1.857777,191.710987,0.3,8
883,9,1.563913,0.001853,277.463674,0.3,8
884,9,1.260924,0.001883,191.672189,0.3,8
885,9,1.274096,0.010737,195.628704,0.3,8
886,9,1.693766,1.565906,182.993549,0.2,6
887,10,1.086704,0.004514,203.2443,0.3,8
888,9,2.067024,1.565898,227.648657,0.2,6
889,5,4.690541,2.338639,565.743964,0.3,7
890,6,4.197841,0.804782,504.434313,0.3,7
891,7,4.165501,0.804982,509.507643,0.3,7
892,6,1.541737,2.581963,237.746941,0.2,6
893,5,1.466967,2.607642,234.472093,0.2,6
894,6,1.492801,0.557532,235.329246,0.2,6
895,6,1.560828,2.58406,231.77752,0.2,6
896,5,1.574525,2.586223,230.662325,0.2,6
897,6,1.549443,0.560449,230.04608,0.2,6
898,5,1.526641,2.586218,239.416967,0.2,6
899,5,1.513969,0.56023,240.849044,0.2,6
900,6,1.533686,2.581144,228.585236,0.2,6
901,5,1.514742,2.581362,237.858784,0.2,6
902,5,1.507179,0.562008,239.114448,0.2,6
903,5,1.48737,2.579585,235.461094,0.2,6
904,5,1.583519,2.580421,229.620515,0.2,6
905,5,1.505267,0.564621,238.803146,0.2,6
906,5,1.472466,2.576972,235.262084,0.2,6
907,5,1.348956,0.56411,260.028843,0.2,6
908,5,1.294286,0.559464,256.375572,0.2,6
909,5,1.376764,2.57253,262.129977,0.2,6
910,5,1.346986,2.575796,265.526185,0.2,6
911,5,1.321575,0.564993,256.495128,0.2,6
912,5,1.324709,2.578568,263.548885,0.2,6
913,5,1.34301,2.587754,264.749695,0.2,6
914,5,1.476408,2.581121,234.512834,0.2,6
915,6,4.682193,2.337553,567.936161,0.3,7
916,5,1.485848,2.579502,238.713314,0.2,6
917,5,1.356183,2.577483,260.437402,0.2,6
918,5,1.506082,0.561172,232.900111,0.2,6
919,7,4.213652,0.804651,509.639924,0.3,7
920,5,1.367335,2.576599,269.18341,0.2,6
921,8,1.697848,1.042042,256.727018,0.2,7
922,9,1.697347,1.575024,187.38697,0.3,7
923,9,1.908949,1.567834,214.9401,0.3,8
924,9,1.912286,1.575392,208.391245,0.3,8
925,6,1.640835,1.024386,221.264486,0.3,7
926,9,1.687263,2.092555,259.63161,0.3,1
927,7,1.498779,1.052323,207.873783,0.3,7
928,7,1.527092,2.095987,205.951557,0.3,7
929,9,1.633969,1.053786,184.491332,0.2,7
930,9,1.581756,1.044677,187.344556,0.2,7
931,9,1.58044,2.092842,190.028001,0.2,7
932,7,1.371734,1.052309,220.196888,0.3,8
933,7,1.630192,1.052279,180.895267,0.3,7
934,9,1.618991,1.052869,192.629198,0.2,7
935,10,2.066321,2.079914,216.125048,0.2,7
936,9,1.219398,1.567263,206.351412,0.3,7
937,9,1.179635,1.572033,193.468559,0.3,7
938,9,1.208802,1.579047,200.538628,0.3,7
939,7,1.299042,1.053623,204.398184,0.3,8
940,7,1.288762,1.037672,167.507844,0.3,8
941,9,1.29346,1.05505,229.656337,0.3,2
942,9,1.701561,1.575162,185.348497,0.3,8
943,9,1.218333,1.551483,203.968541,0.3,7
944,7,1.293255,1.052859,204.255779,0.3,8
945,9,1.678941,1.568603,186.907955,0.3,8
946,7,1.504486,1.04526,201.130567,0.3,7
947,9,1.518698,1.03626,184.066724,0.2,7
948,7,1.812792,1.048123,202.683278,0.3,7
949,7,1.740902,2.09409,190.241761,0.3,7
950,8,2.124221,1.635876,559.500067,0.3,8
951,6,1.46951,1.508747,322.631226,0.3,9
952,6,1.44228,1.64081,327.858686,0.3,8
953,6,1.469948,1.641044,328.383772,0.3,8
954,8,1.809573,1.635879,491.969982,0.3,4
955,6,1.429788,1.507439,333.185318,0.3,8
956,5,1.126728,0.191843,216.197728,0.3,8
957,9,1.813976,1.501368,494.905402,0.3,8
958,6,1.399592,1.775298,576.862527,0.3,8
959,6,1.687914,3.071919,414.848895,0.3,8
960,6,1.607387,1.635122,296.50319,0.3,8
961,6,1.456128,1.635116,332.06797,0.3,8
962,5,1.197542,0.188978,204.008261,0.3,8
963,9,1.764444,1.635888,456.288505,0.3,8
964,6,1.211923,3.071003,540.540659,0.3,8
965,5,1.203836,0.062524,514.252855,0.3,8
966,5,1.385622,1.496678,341.351718,0.3,8
967,6,1.940494,3.080566,759.419064,0.3,9
968,5,1.657289,0.065967,389.529356,0.3,8
969,5,1.047094,2.911375,235.65402,0.3,8
970,5,1.073549,2.902067,231.366988,0.3,8
971,5,1.113273,2.956328,221.474923,0.3,8
972,6,1.414474,1.626908,333.382538,0.3,8
973,6,1.292999,0.064155,536.361367,0.3,8
974,5,4.663908,0.001898,737.655626,0.2,5
975,8,1.322534,1.574705,183.639746,0.3,10
976,8,1.011512,0.011217,286.008612,0.3,10
977,8,1.393614,1.573988,187.859781,0.3,10
978,10,3.703381,1.563337,450.112133,0.3,9
979,5,1.743743,0.212657,191.536768,0.2,5
980,6,1.167998,3.139267,234.849309,0.2,6
981,5,4.295895,1.572005,695.024697,0.2,5
982,7,1.324762,3.133387,181.040404,0.3,10
983,5,1.469188,1.517812,328.887385,0.3,9
984,5,1.609582,1.645368,299.874679,0.3,9
985,6,1.645418,1.502367,335.02595,0.3,9
986,5,1.449679,1.512439,333.44859,0.3,9
987,5,1.583257,1.646981,304.842536,0.3,10
988,7,4.174489,2.113139,1204.001749,0.3,9
989,5,1.078448,3.082917,338.987599,0.3,10
990,8,2.368445,0.104915,329.120024,0.3,9
991,8,2.715775,3.032523,818.280638,0.3,9
992,5,1.848914,1.638554,337.34736,0.3,9
993,5,1.692601,1.512682,368.22588,0.3,9
994,8,1.346586,2.189918,373.678288,0.3,9
995,7,1.450809,3.076502,423.283984,0.3,9
996,10,1.055603,1.635937,269.913557,0.3,9
997,6,1.664,1.527485,329.927849,0.3,9
998,5,1.007759,1.359795,240.827682,0.3,8
999,6,1.886625,1.775692,422.136528,0.3,8
1000,6,1.216141,0.063,504.533589,0.3,8
1001,6,1.244649,0.061912,504.609825,0.3,8
1002,6,1.461253,1.63588,328.439224,0.3,9
1003,6,1.461238,1.635926,328.441299,0.3,9
1004,6,1.19804,3.076503,511.345344,0.3,9
1005,6,1.784876,3.076535,401.180346,0.3,9
1006,6,1.197948,3.07654,511.356214,0.3,9
1007,6,1.461225,1.63588,328.430938,0.3,9
1008,5,1.471546,1.635899,329.60247,0.3,9
1009,6,1.576179,1.505716,449.037187,0.3,9
1010,6,1.432406,1.635886,321.999291,0.3,9
1011,7,1.739145,0.065099,390.90453,0.3,9
1012,7,1.190172,0.065102,494.567695,0.3,9
1013,6,1.255754,0.074412,322.872996,0.3,9
1014,5,1.44225,0.040538,253.937656,0.3,10
1015,6,1.243233,0.071005,325.943252,0.3,9
1016,6,1.315833,1.505701,425.025927,0.3,9
1017,7,1.284648,1.635898,499.422864,0.3,9
1018,7,1.297282,3.076487,559.462794,0.3,9
1019,7,1.368099,0.929025,299.115454,0.3,9
1020,6,1.450004,1.526655,235.674798,0.3,9
1021,7,1.225696,2.368476,351.016791,0.3,9
1022,5,3.130322,1.635913,777.8454,0.3,9
1023,6,3.759104,1.629136,644.185109,0.3,9
1024,6,2.131337,1.514466,365.568672,0.3,9
1025,6,1.459334,1.504567,331.635127,0.3,8
1026,9,1.76469,1.635872,456.369146,0.3,8
1027,7,1.467317,2.152428,402.275375,0.3,9
1028,7,1.430974,1.624819,337.754401,0.3,9
1029,6,1.461128,1.505712,327.283096,0.3,9
1030,2,1.013201,2.19259,80.71626,0.2,2
1031,2,1.246715,2.778064,76.658111,0.3,2
1032,2,1.232665,2.765165,78.526943,0.3,2
1033,2,1.736106,2.490581,70.975222,0.2,3
1034,2,1.055396,2.537084,58.993873,0.2,3
1035,2,1.113481,0.64929,50.138371,0.2,3
1036,2,1.132447,0.598476,62.590018,0.2,3
1037,2,1.189186,1.297123,64.509398,0.2,4
1038,2,1.341668,0.941115,60.237273,0.2,3
1039,2,1.029829,0.266333,53.21513,0.2,4
1040,2,1.284021,2.200478,63.297062,0.2,3
1041,2,1.439637,2.869926,59.411229,0.2,3
1042,2,1.171221,0.530176,64.502792,0.2,3
1043,2,1.04969,3.054577,69.692358,0.2,3
1044,2,1.112703,2.860379,46.002843,0.2,3
1045,2,1.719587,0.929925,63.970455,0.2,3
1046,2,1.324705,1.297336,66.962888,0.2,3
1047,2,1.171567,1.846131,97.972245,0.2,3
1048,2,1.441562,2.548967,92.994498,0.2,3
1049,2,1.252937,2.55341,59.561988,0.2,3
1050,2,1.344881,0.92883,50.189127,0.2,3
1051,2,1.19924,0.372501,63.188215,0.2,3
1052,2,1.317257,1.846756,68.653581,0.2,3
1053,2,1.039631,0.2818,55.177283,0.2,4
1054,2,1.413722,0.652794,63.663853,0.2,3
1055,2,1.095195,0.653986,101.526769,0.2,7
1056,2,1.51043,1.805006,242.091763,0.2,2
1057,3,1.977127,0.540399,96.407907,0.2,2
1058,3,1.894773,2.601194,95.918359,0.2,2
1059,4,1.955574,0.542141,94.05332,0.2,2
1060,4,1.892301,2.599452,97.617785,0.2,2
1061,2,1.026223,2.117847,90.820856,0.2,1
1062,3,1.362135,2.591432,133.396948,0.2,2
1063,2,1.018278,2.593117,90.251257,0.2,1
1064,3,1.381454,2.583077,130.317525,0.2,2
1065,2,1.019374,0.990969,87.040932,0.2,2
1066,2,2.395275,2.58169,245.624307,0.2,1
1067,4,1.15923,0.113048,111.561785,0.2,4
1068,2,1.554212,3.034234,72.01752,0.2,4
1069,4,1.202524,1.675759,118.914889,0.2,4
1070,2,1.498519,3.025643,75.415377,0.2,4
1071,2,2.02333,0.115628,86.856716,0.2,4
1072,5,1.330073,1.621454,123.800943,0.2,3
1073,4,1.182288,1.664554,145.639054,0.2,2
1074,5,1.283338,2.173786,123.598854,0.2,4
1075,4,1.566217,2.171249,167.290479,0.2,1
1076,2,2.039679,2.015358,67.293329,0.2,4
1077,2,1.098727,0.44209,53.612734,0.3,4
1078,4,1.551642,2.56621,98.593894,0.2,4
1079,4,1.312355,0.96918,127.599167,0.2,4
1080,4,1.303513,0.971968,126.754937,0.2,3
1081,2,1.211096,2.687409,55.565433,0.2,4
1082,5,1.02904,1.190592,86.870851,0.2,5
1083,4,1.22462,1.658471,120.105636,0.2,4
1084,3,1.393895,2.539811,90.932461,0.2,2
1085,4,1.814582,1.623953,109.203836,0.2,4
1086,3,1.476288,0.107359,73.513546,0.2,4
1087,4,1.303294,0.980406,130.407547,0.2,4
1088,3,1.250259,2.763234,53.248847,0.2,4
1089,4,1.094659,1.480484,108.034017,0.2,4
1090,5,1.324662,1.631755,124.223436,0.2,3
1091,5,1.078255,2.753636,98.770713,0.2,2
1092,5,1.335084,1.509198,125.441957,0.2,3
1093,2,1.191765,0.4772,51.408463,0.3,4
1094,4,1.45872,2.695773,105.039437,0.2,4
1095,2,1.047577,0.448933,50.205436,0.2,4
1096,4,1.304748,0.959984,127.20105,0.2,4
1097,3,1.136842,2.098426,56.833018,0.2,2
1098,2,1.107814,0.831703,52.357094,0.2,3
1099,2,1.331921,0.713488,80.555071,0.2,4
1100,2,1.019407,0.844675,63.129149,0.2,4
1101,2,1.176504,2.146255,72.264263,0.2,4
1102,2,1.443937,0.372559,62.192051,0.2,5
1103,2,1.335239,2.556919,65.877624,0.2,4
1104,2,1.354416,2.750287,57.413668,0.2,3
1105,2,2.494957,0.381744,46.779263,0.2,5
1106,2,1.029895,2.57572,61.877121,0.2,4
1107,2,1.062545,0.496626,78.808926,0.2,4
1108,2,1.186667,2.644967,46.460362,0.2,4
1109,2,1.049314,2.51333,57.570494,0.2,4
1110,3,2.882329,1.928621,521.001012,0.2,1
1111,2,2.913324,2.750428,53.980004,0.2,4
1112,2,1.100665,0.261985,94.999893,0.2,4
1113,2,1.451583,0.311581,63.119487,0.2,4
1114,2,1.250125,1.259215,75.238471,0.2,3
1115,2,1.133868,2.863803,53.859502,0.2,4
1116,2,1.018113,0.28176,60.336958,0.2,4
1117,2,1.052357,1.850336,56.919343,0.2,4
1118,2,1.160647,0.248029,87.07158,0.2,4
1119,2,1.075578,1.311053,56.719858,0.2,4
1120,2,1.598115,2.871013,74.753331,0.2,4
1121,2,1.121101,1.294159,114.790071,0.2,4
1122,2,1.107662,1.852014,91.799319,0.2,4
1123,2,1.131291,1.301628,97.608407,0.2,3
1124,2,1.096424,0.613526,50.889492,0.2,4
1125,2,1.139429,0.271521,53.968827,0.2,4
1126,2,1.123398,2.881094,53.541959,0.2,3
1127,2,1.13465,0.24614,52.117283,0.2,4
1128,2,1.131364,2.522985,52.919475,0.2,4
1129,2,1.153378,0.274282,57.743943,0.2,4
1130,2,1.193574,2.678856,84.040328,0.2,4
1131,2,1.44125,2.866452,84.765067,0.2,4
1132,2,1.498308,2.473516,80.897984,0.2,4
1133,2,1.00391,2.205036,54.493864,0.2,4
1134,2,1.029374,2.293313,50.791639,0.2,4
1135,2,1.056143,0.581306,71.983355,0.2,4
1136,2,2.221573,2.078687,57.712445,0.2,4
1137,2,1.146013,0.731116,52.681064,0.2,3
1138,2,1.050715,0.748817,91.554075,0.2,3
1139,2,1.757317,2.240211,38.97404,0.2,4
1140,2,1.670156,2.344872,55.814555,0.2,4
1141,2,1.527726,2.434655,64.917054,0.2,4
1142,2,1.292952,2.491009,48.830517,0.2,4
1143,2,1.011203,2.306211,61.187469,0.3,3
1144,2,1.076811,0.558598,53.524604,0.2,4
1145,2,1.220565,2.609844,77.52447,0.2,4
1146,2,1.552248,0.861778,60.781702,0.2,4
1147,2,1.010071,0.73649,61.957664,0.2,3
1148,4,2.329667,2.437483,147.224248,0.2,3
1149,5,2.296205,2.417895,142.510762,0.2,3
1150,2,1.66042,0.796721,52.285534,0.2,4
1151,2,1.007551,0.736433,61.048432,0.2,4
1152,2,1.702735,0.901382,80.104731,0.3,4
1153,2,2.09811,1.72766,303.857137,0.2,2
1154,3,3.374575,0.666847,186.245079,0.2,2
1155,2,2.51008,0.680088,258.858733,0.2,3
1156,5,3.625376,2.205374,337.821552,0.2,1
1157,6,1.169052,0.929619,149.455353,0.2,1
1158,4,1.275412,1.924318,183.805534,0.2,3
1159,3,1.272157,1.220254,182.992422,0.2,3
1160,3,1.268728,1.920635,181.760856,0.2,3
1161,3,1.221999,1.923184,185.398392,0.2,3
1162,3,1.292617,1.922199,178.848164,0.2,3
1163,2,2.243241,2.15928,319.127367,0.2,1
1164,4,1.51533,2.667269,72.282784,0.2,1
1165,3,1.505116,1.815425,106.695778,0.2,1
1166,2,1.661122,3.137072,185.624519,0.2,3
1167,2,1.080506,1.475663,52.920428,0.2,3
1168,3,1.287302,1.221539,182.79417,0.2,3
1169,2,1.03186,1.570055,53.33512,0.2,3
1170,2,1.125208,1.774483,69.37941,0.2,3
1171,5,1.07713,1.995081,144.432909,0.2,2
1172,3,1.232008,1.921935,184.200902,0.2,3
1173,5,2.381022,2.436161,141.736487,0.2,3
1174,2,1.244501,0.485671,49.990331,0.2,4
1175,3,2.393025,0.984806,140.19092,0.2,3
1176,2,1.696684,0.497103,60.394533,0.2,4
1177,2,1.201311,0.930543,71.9438,0.2,3
1178,2,1.352409,2.574378,84.176237,0.2,3
1179,2,1.357424,0.297256,48.922,0.2,4
1180,4,1.84484,0.987132,128.023355,0.2,3
1181,2,1.141337,0.267178,53.937604,0.2,4
1182,2,1.01838,2.007308,60.698818,0.2,3
1183,3,2.186022,0.981543,153.107851,0.2,3
1184,2,1.076861,2.007257,102.740892,0.2,4
1185,5,2.3686,1.130571,145.693891,0.2,3
1186,2,1.331628,1.914613,79.475536,0.2,4
1187,3,2.186991,0.987751,151.077838,0.2,3
1188,5,2.393899,0.712388,142.84369,0.2,3
1189,3,2.194207,2.159251,150.119347,0.2,3
1190,3,2.191955,2.173371,156.079298,0.2,3
1191,5,2.370232,1.848753,140.313899,0.2,3
1192,3,2.211881,0.980631,151.40633,0.2,3
1193,2,1.097733,2.509353,78.690166,0.3,4
1194,5,2.329584,2.008921,143.710548,0.2,3
1195,4,1.884813,0.992544,127.190879,0.2,4
1196,2,1.010972,2.3061,61.871277,0.3,4
1197,5,2.378998,1.29669,141.171266,0.2,3
1198,2,1.327166,0.527683,67.061864,0.2,4
1199,2,1.048444,1.297261,107.747469,0.2,4
1200,5,2.391338,2.014885,143.01104,0.2,3
1201,3,2.164141,0.967208,152.429886,0.2,3
1202,2,1.121848,0.258959,45.889968,0.3,4
1203,2,1.069866,2.86541,51.176056,0.2,4
1204,2,1.120413,1.865837,85.201291,0.2,3
1205,2,1.41821,1.328325,106.554125,0.3,3
1206,2,1.082157,0.268949,108.711034,0.2,4
1207,2,1.392626,0.913366,64.281406,0.3,4
1208,3,1.31299,2.896382,96.393632,0.2,3
1209,2,1.034324,1.84027,83.823561,0.2,3
1210,2,1.698126,2.872119,67.509002,0.2,3
1211,2,1.573271,0.28162,77.531113,0.2,4
1212,2,1.138033,0.261944,54.550868,0.2,4
1213,2,1.489911,2.573757,82.322921,0.2,4
1214,2,1.074918,3.059954,52.609491,0.3,4
1215,2,1.124813,0.273775,91.691439,0.2,4
1216,2,1.348419,2.914222,129.652342,0.2,4
1217,2,1.187518,2.968918,65.68046,0.2,4
1218,2,1.098974,2.849202,50.809228,0.2,4
1219,2,1.068681,0.451764,43.239538,0.3,4
1220,2,1.100261,0.263448,58.363915,0.3,3
1221,2,1.064582,1.870648,83.291316,0.2,3
1222,2,1.026045,0.271659,89.688112,0.2,4
1223,2,1.096744,1.963009,99.5604,0.2,4
1224,2,1.537413,1.864618,81.643193,0.2,4
1225,2,1.274997,2.776708,54.149895,0.2,6
1226,2,3.346627,2.785695,58.66871,0.2,3
1227,2,1.146573,0.277629,111.740902,0.2,4
1228,2,1.287988,0.371614,54.858273,0.2,9
1229,2,3.099062,0.372735,50.48669,0.2,3
1230,2,1.045625,1.837329,87.193534,0.2,3
1231,2,1.184205,2.870193,53.385864,0.2,4
1232,2,1.032681,1.844741,84.113204,0.2,4
1233,2,1.097942,2.877069,53.470357,0.2,4
1234,2,1.129125,2.861574,52.486068,0.2,4
1235,2,2.107137,0.262721,67.802593,0.2,4
1236,2,1.013482,2.86156,48.878526,0.2,4
1237,2,5.729116,2.569525,623.016901,0.2,1
1238,2,3.538779,0.564036,364.177875,0.2,1
1239,5,1.330832,2.800568,125.935253,0.2,4
1240,4,1.322108,0.350533,125.905007,0.2,4
1241,6,1.008907,2.442647,140.814109,0.2,4
1242,6,1.016567,0.877195,142.753538,0.2,4
1243,2,1.081489,0.501051,79.196888,0.3,8
1244,2,1.656261,2.645593,30.329688,0.2,2
1245,6,1.235968,1.06814,172.68921,0.2,4
1246,2,1.290723,1.125812,73.049925,0.2,8
1247,2,1.231199,0.495999,57.620304,0.2,2
1248,2,1.164361,2.619045,52.971951,0.2,1
1249,6,1.022542,2.085217,141.12708,0.2,3
1250,2,1.566629,2.086162,86.992428,0.2,1
1251,2,1.326688,1.93777,83.85541,0.3,8
1252,2,1.756396,1.094791,69.438834,0.2,1
1253,4,1.03585,0.531656,256.631378,0.2,3
1254,6,1.223607,0.888239,174.467163,0.2,4
1255,5,1.090732,2.529806,94.018735,0.2,4
1256,2,1.027897,1.214106,66.993391,0.3,2
1257,3,1.19907,0.275613,105.436962,0.2,3
1258,2,1.07194,0.276106,50.020062,0.2,3
1259,2,1.084074,1.289702,104.144308,0.2,3
1260,2,1.152517,2.958485,52.285198,0.2,3
1261,2,1.128392,2.851314,54.097195,0.2,3
1262,2,1.209296,2.874748,68.261027,0.2,3
1263,2,1.18394,1.844679,56.251142,0.2,3
1264,2,2.16635,2.884286,36.256789,0.2,3
1265,2,1.330457,0.136979,61.033252,0.2,3
1266,2,1.489181,0.252886,62.635203,0.2,3
1267,2,1.248774,1.854201,78.086808,0.2,3
1268,2,1.047742,1.741815,51.670797,0.2,3
1269,2,1.091445,2.867328,50.87763,0.2,3
1270,2,1.091303,1.567783,90.627763,0.2,4
1271,2,1.347401,2.955073,79.125267,0.2,3
1272,2,1.995578,0.257307,66.272905,0.2,3
1273,2,2.587508,3.004606,44.697406,0.2,3
1274,3,1.384878,0.547028,130.454257,0.2,2
1275,3,1.375506,2.594564,131.565031,0.2,2
1276,2,2.102413,2.602151,87.79428,0.2,2
1277,2,1.439616,0.553793,130.342781,0.2,2
1278,5,1.299923,0.993796,159.561621,0.2,6
1279,6,1.306662,0.964877,162.472175,0.2,6
1280,6,1.321371,0.970938,163.270482,0.2,6
1281,6,1.360336,0.598431,330.013546,0.2,6
1282,5,1.319998,2.158629,163.560464,0.2,6
1283,5,1.323881,2.175999,162.377642,0.2,6
1284,6,1.348323,0.598013,329.920016,0.2,6
1285,5,1.415871,2.151503,264.034838,0.2,5
1286,5,1.385218,2.15086,257.104304,0.2,5
1287,6,1.316866,0.978886,158.355078,0.2,6
1288,5,1.401266,2.150659,258.378238,0.2,5
1289,9,1.128211,2.538368,383.399322,0.2,6
1290,5,1.379492,2.165423,251.507405,0.2,6
1291,5,1.424397,0.968219,263.983152,0.2,5
1292,6,1.273513,0.950349,155.600916,0.2,6
1293,5,1.424755,0.970167,265.075071,0.2,5
1294,6,1.306111,0.941336,164.089021,0.2,6
1295,5,1.457816,0.962952,255.19329,0.2,5
1296,5,1.371388,0.976031,163.944795,0.2,6
1297,5,1.358159,2.169634,168.477793,0.2,6
1298,5,1.577314,0.961645,225.356831,0.2,5
1299,6,1.372174,2.546128,327.74377,0.2,6
1300,6,1.49713,2.15916,179.50509,0.3,7
1301,9,6.56244,2.04587,665.385582,0.2,6
1302,7,1.555016,0.011217,183.621634,0.3,10
1303,6,1.288545,0.963517,161.331624,0.2,6
1304,5,1.355528,2.582128,271.447604,0.2,6
1305,5,1.681138,1.561304,183.269661,0.2,5
1306,5,1.716572,1.580289,186.12657,0.2,5
1307,5,1.72235,1.563663,186.311663,0.2,5
1308,5,1.710574,1.585201,186.017741,0.2,5
1309,5,1.345931,0.601726,327.173657,0.2,6
1310,6,1.097515,0.002542,216.388255,0.3,7
1311,6,1.452261,2.15369,178.730114,0.3,7
1312,6,1.334431,2.551573,332.235704,0.2,6
1313,6,1.270456,2.196708,166.232431,0.2,6
1314,6,1.328771,0.983421,161.738395,0.2,6
1315,6,1.502287,2.98404,177.83981,0.3,7
1316,5,1.637411,2.020635,192.810944,0.2,5
1317,5,1.702925,1.57793,187.468505,0.2,5
1318,5,1.403736,2.167392,257.051527,0.2,6
1319,6,1.486933,0.976252,178.834838,0.3,7
1320,6,1.097618,0.002542,216.39176,0.2,6
1321,6,1.484359,2.165341,180.1862,0.3,7
1322,6,1.356676,2.162531,163.583887,0.2,6
1323,6,1.460269,2.975045,181.927215,0.3,7
1324,6,1.485302,2.162799,179.816529,0.3,7
1325,6,1.168082,0.002326,234.558502,0.2,6
1326,5,1.305986,2.164323,164.923359,0.2,6
1327,5,1.338423,2.577255,264.319112,0.2,6
1328,9,2.626682,1.575396,308.76644,0.3,7
1329,9,2.533561,1.574865,309.914514,0.3,7
1330,5,1.387351,0.985484,258.068857,0.2,6
1331,6,1.258438,2.169227,168.803772,0.2,6
1332,5,1.658853,2.928935,194.21424,0.2,5
1333,5,1.705823,0.658544,193.116415,0.2,5
1334,5,1.699193,1.577207,186.205019,0.2,5
1335,6,1.352011,2.545007,337.2438,0.2,6
1336,5,1.538916,2.261311,194.189434,0.2,5
1337,9,1.128453,2.538374,383.466498,0.2,6
1338,5,1.684907,0.880281,194.222007,0.2,5
1339,5,1.710283,1.558857,186.314002,0.2,5
1340,4,1.739846,1.573777,185.96855,0.2,5
1341,5,1.337917,2.159255,163.400081,0.2,6
1342,5,1.352901,0.99009,252.120354,0.2,5
1343,5,1.336416,0.997173,252.647019,0.2,6
1344,5,1.401887,2.14442,266.380663,0.2,6
1345,5,1.403184,2.156109,262.072385,0.2,6
1346,6,1.319381,0.602911,326.406792,0.2,6
1347,5,1.30386,0.968866,159.800332,0.2,6
1348,5,1.334723,0.969944,163.025438,0.2,6
1349,6,1.34396,0.974429,159.749183,0.2,6
1350,6,1.462094,2.174126,175.854067,0.3,7
1351,6,1.441421,2.955219,177.301929,0.3,7
1352,8,5.688176,2.678854,572.304595,0.2,6
1353,9,6.704041,2.979502,653.461121,0.2,6
1354,10,3.565094,1.559688,450.215415,0.3,6
1355,8,6.703478,1.413028,658.170318,0.2,6
1356,6,1.487817,2.943992,173.640861,0.3,7
1357,6,1.492589,2.956251,177.500989,0.3,7
1358,6,1.378491,0.611354,330.983495,0.2,5
1359,5,1.334265,0.597723,328.929624,0.2,6
1360,6,1.347901,2.167706,166.946364,0.2,6
1361,9,2.544455,1.574861,310.529226,0.3,8
1362,6,1.353236,0.580116,324.232442,0.2,6
1363,7,3.036775,0.000612,549.843329,0.2,5
1364,6,1.331722,0.979061,160.14257,0.2,5
1365,5,1.303486,2.150912,163.778145,0.2,6
1366,9,6.732393,0.789307,655.676161,0.2,6
1367,9,2.544423,1.574861,310.531146,0.3,8
1368,6,1.369017,0.599177,323.682695,0.2,6
1369,6,1.290857,2.164017,165.942302,0.2,4
1370,5,1.338486,0.988403,164.995199,0.2,6
1371,6,1.373601,0.600117,327.906821,0.2,6
1372,5,1.307572,0.96596,160.085448,0.2,6
1373,6,1.339482,0.968529,164.191779,0.2,6
1374,5,1.346353,2.165589,162.941231,0.2,6
1375,5,1.32105,2.182277,163.777853,0.2,6
1376,6,1.3018,2.176257,161.506812,0.2,6
1377,5,1.295245,0.958705,161.703062,0.2,6
1378,5,1.309739,2.15295,160.101276,0.2,6
1379,5,1.329456,2.182888,165.536624,0.2,6
1380,6,1.323137,2.520094,325.833426,0.2,6
1381,5,1.337103,2.175632,163.023453,0.2,6
1382,6,1.328077,0.972998,163.237751,0.2,6
1383,6,1.293562,0.975997,158.052972,0.2,6
1384,9,1.588322,1.633505,941.090914,0.3,9
1385,5,2.872832,2.706346,1443.728281,0.3,8
1386,7,3.252407,3.063204,755.959725,0.3,8
1387,7,1.285809,2.920412,945.582947,0.3,8
1388,5,3.079407,0.43263,1527.671146,0.3,8
1389,3,1.490014,0.539553,112.692437,0.2,2
1390,5,1.364679,2.135644,142.858789,0.3,3
1391,4,1.210506,2.022098,140.30294,0.2,3
1392,5,1.65396,0.554259,102.590516,0.2,3
1393,5,1.117637,2.946402,226.950555,0.2,2
1394,4,1.434967,2.591945,105.555034,0.2,3
1395,6,1.26343,2.587288,248.708823,0.2,4
1396,4,1.455394,2.159632,125.464981,0.2,3
1397,4,1.117773,0.565698,137.968049,0.2,3
1398,6,1.642112,2.263132,285.206247,0.3,8
1399,5,1.209917,1.105172,140.015331,0.2,3
1400,5,1.271253,2.928831,196.21029,0.2,2
1401,3,1.274523,2.137163,104.001533,0.2,3
1402,3,1.846961,0.529744,103.073418,0.2,2
1403,4,1.259592,0.601254,121.397458,0.2,3
1404,4,1.162654,2.139831,91.108363,0.2,2
1405,3,1.556996,0.17566,116.645313,0.2,2
1406,4,2.531114,0.56151,108.750527,0.2,4
1407,3,1.48935,2.562642,67.89301,0.2,3
1408,3,1.3022,0.574069,129.96678,0.2,2
1409,5,1.003693,0.883084,173.853449,0.2,4
1410,7,1.053378,2.562685,180.860624,0.2,4
1411,8,2.00658,1.997766,321.407549,0.3,10
1412,5,1.024461,2.251046,171.099028,0.2,4
1413,7,2.006738,1.983586,321.416877,0.3,9
1414,2,1.248996,2.909785,50.585251,0.2,2
1415,4,1.230562,1.01109,168.156094,0.2,3
1416,3,1.899062,0.626315,93.259753,0.2,2
1417,8,2.006666,1.983566,321.43168,0.3,9
1418,8,1.777132,1.158039,300.030184,0.3,9
1419,5,1.178106,1.116277,140.001802,0.2,2
1420,5,1.05835,0.447996,244.438306,0.2,3
1421,4,1.240763,1.12954,143.083723,0.2,3
1422,5,1.303336,2.025283,136.388405,0.2,2
1423,8,1.780079,1.997795,284.133369,0.3,10
1424,4,1.651036,1.77711,126.90486,0.2,3
1425,5,1.208487,2.017181,135.888798,0.2,3
1426,4,1.697681,1.364482,125.589297,0.2,3
1427,4,1.054028,2.948849,163.973048,0.2,3
1428,4,1.502401,0.881298,239.786428,0.2,3
1429,5,1.069474,0.468949,246.857354,0.2,2
1430,5,1.367168,2.941627,133.444961,0.2,3
1431,4,1.181158,0.738393,167.06926,0.2,3
1432,4,1.918101,1.767966,90.692233,0.2,2
1433,5,1.055227,0.690575,168.400695,0.2,3
1434,4,1.002347,2.241467,168.963792,0.2,3
1435,6,1.088066,1.362385,174.258272,0.2,2
1436,4,1.526553,0.218042,112.478458,0.2,3
1437,5,1.015394,2.346483,160.321053,0.2,4
1438,4,1.121756,1.361613,128.809184,0.2,3
1439,5,1.219613,1.111866,146.167475,0.2,3
1440,5,1.032823,0.795109,158.487266,0.2,4
1441,4,1.235603,1.094072,141.192077,0.2,3
1442,8,1.780499,2.385874,283.984519,0.3,10
1443,3,1.305368,2.087151,148.932806,0.2,4
1444,5,1.240649,0.447973,186.269612,0.2,2
1445,4,1.210518,2.027841,138.926332,0.2,2
1446,4,1.365456,2.865774,149.555749,0.2,2
1447,4,1.142613,0.215326,163.058786,0.2,6
1448,3,1.201006,2.98564,170.598188,0.2,1
1449,9,1.667887,2.577148,281.19133,0.2,5
1450,3,1.017119,2.143222,97.208976,0.2,1
1451,3,1.300957,1.858213,90.003722,0.2,3
1452,3,1.657995,2.122585,127.540969,0.2,3
1453,10,1.855718,2.972755,594.259187,0.2,5
1454,7,1.795857,2.97551,258.911785,0.2,4
1455,4,1.036126,2.992206,142.136805,0.2,3
1456,4,1.329913,2.995756,279.313077,0.2,5
1457,7,1.6191,2.636538,292.218954,0.2,4
1458,9,1.621668,0.151171,306.712599,0.2,5
1459,7,1.334246,2.284682,193.450709,0.2,5
1460,7,1.170359,2.261442,163.963709,0.2,4
1461,4,1.040403,2.953915,154.607553,0.2,4
1462,9,1.757324,2.566959,273.671156,0.2,5
1463,9,1.685271,0.581703,278.572212,0.2,5
1464,10,1.653237,2.137569,284.630357,0.2,5
1465,5,1.011366,1.331934,105.307738,0.2,3
1466,5,1.625053,1.383371,58.905892,0.2,3
1467,9,1.595472,2.981937,312.043689,0.2,5
1468,3,1.036189,0.551688,96.383575,0.2,3
1469,10,1.664381,2.572722,276.05824,0.2,5
1470,7,1.273061,0.791443,177.683179,0.2,5
1471,2,1.440925,1.315372,107.59464,0.2,3
1472,7,1.057997,0.755607,143.733909,0.2,4
1473,9,1.319478,2.585359,299.541467,0.2,5
1474,5,1.355463,1.584002,254.752535,0.2,4
1475,7,1.012132,0.7758,236.023592,0.2,4
1476,5,1.918315,1.786123,81.160553,0.2,4
1477,6,1.044182,2.431415,190.713113,0.2,4
1478,5,1.092988,0.219381,171.143012,0.2,2
1479,5,1.508087,2.580516,157.534852,0.2,2
1480,4,1.219797,2.127991,156.051845,0.2,2
1481,7,1.618767,2.220151,283.534465,0.3,8
1482,5,1.532983,0.554335,140.153833,0.2,3
1483,4,1.31022,2.609087,61.389158,0.2,3
1484,4,1.331042,0.532506,62.579585,0.2,3
1485,3,1.045329,2.565019,100.981631,0.2,3
1486,2,1.007902,2.577661,100.816628,0.2,2
1487,4,1.444544,2.563623,68.674917,0.2,2
1488,4,2.56932,2.558116,97.460463,0.2,3
1489,3,1.649786,0.580538,79.130193,0.2,2
1490,3,2.353861,1.007151,56.235925,0.2,2
1491,4,1.297134,2.144891,107.198755,0.2,3
1492,4,1.264116,0.558084,80.852232,0.2,3
1493,6,1.072052,2.144459,198.171982,0.2,3
1494,3,1.487152,2.117538,93.14835,0.2,2
1495,7,1.029674,0.803274,129.648008,0.2,4
1496,4,1.266212,1.011019,179.28075,0.2,4
1497,7,1.05988,2.138043,193.167852,0.2,4
1498,4,1.463529,1.029028,68.804852,0.2,2
1499,3,1.036296,1.033399,98.208103,0.2,2
1500,4,1.270202,2.140894,124.136437,0.2,2
1501,4,1.354236,0.55585,62.446114,0.2,2
1502,4,1.413242,0.563428,70.84707,0.2,2
1503,3,1.621504,0.542734,176.606808,0.2,1
1504,4,1.10461,1.011331,190.851342,0.2,5
1505,6,1.638595,2.361628,284.774795,0.3,8
1506,3,2.639993,2.332389,276.331954,0.2,3
1507,4,1.333336,0.559622,132.154719,0.2,3
1508,7,1.638503,2.410074,284.907017,0.3,8
1509,4,1.483568,2.582724,112.155829,0.2,3
1510,4,1.607201,2.577803,73.396105,0.2,3
1511,3,1.747116,2.792413,86.521154,0.2,4
1512,7,1.639022,2.504952,285.138859,0.3,8
1513,4,1.174196,1.923314,248.816109,0.2,2
1514,3,1.345021,1.010217,124.487455,0.2,3
1515,3,1.244171,2.147424,120.623206,0.2,3
1516,3,1.674197,1.90944,185.832469,0.2,3
1517,4,1.030431,2.138673,183.047881,0.2,3
1518,3,1.736154,2.557541,91.719024,0.2,3
1519,4,1.677029,0.584052,109.586792,0.2,4
1520,4,1.236074,1.909438,170.778643,0.2,3
1521,4,1.682798,0.582713,107.507321,0.2,3
1522,5,1.292552,2.846713,143.305711,0.2,4
1523,4,1.043332,2.553366,95.307431,0.2,10
1524,5,1.342318,0.29488,147.696632,0.2,3
1525,4,1.349742,1.907327,131.486945,0.2,3
1526,4,1.279386,2.567968,112.224772,0.2,3
1527,4,1.441715,0.596729,67.234922,0.2,3
1528,3,1.595538,0.573986,107.994891,0.2,2
1529,8,1.589013,0.562706,357.484965,0.3,8
1530,4,1.224721,0.997383,134.861288,0.2,3
1531,5,1.146927,0.553556,145.820118,0.2,3
1532,4,1.589307,2.574198,106.615695,0.2,3
1533,4,2.853083,0.547771,247.158374,0.2,3
1534,4,1.640012,2.548577,80.448286,0.2,3
1535,3,1.69467,2.539294,122.091306,0.2,3
1536,2,1.378947,2.584014,42.564994,0.2,4
1537,3,1.885721,0.996724,266.534212,0.2,2
1538,4,2.234978,0.561498,317.404552,0.2,3
1539,3,1.723152,2.582008,141.314069,0.2,3
1540,3,1.202576,0.997532,117.438186,0.2,3
1541,4,1.835865,0.583544,109.652255,0.2,3
1542,3,1.291382,2.564616,64.392876,0.2,3
1543,5,1.249982,0.277698,126.099365,0.2,2
1544,4,1.259873,2.863895,171.004383,0.2,2
1545,4,1.651435,2.869793,105.920232,0.2,2
1546,4,1.407351,0.259481,71.999779,0.2,3
1547,4,1.449591,0.274785,69.515091,0.2,3
1548,4,1.806101,0.013994,139.910556,0.2,3
1549,4,1.4737,2.853892,141.454494,0.2,2
1550,4,1.468116,0.295668,68.814738,0.2,2
1551,4,1.91842,2.104488,67.245625,0.2,3
1552,4,1.453364,1.296461,104.299888,0.2,3
1553,3,1.669258,1.018242,119.281294,0.2,3
1554,3,1.42049,2.844125,69.79346,0.2,3
1555,3,1.386993,3.131119,95.464353,0.2,3
1556,3,1.171761,2.977149,172.04536,0.2,3
1557,3,1.187578,0.134638,170.915276,0.2,3
1558,5,1.356568,0.124098,220.110247,0.2,4
1559,3,1.181601,1.039695,105.655425,0.2,4
1560,4,1.737287,1.754089,58.985717,0.2,3
1561,2,1.429757,1.71022,70.48257,0.2,2
1562,4,1.669304,1.387504,61.901495,0.2,5
1563,4,1.581706,1.387767,78.640491,0.2,5
1564,2,1.527652,1.458549,84.983898,0.2,2
1565,3,1.552911,1.420567,138.487584,0.2,3
1566,3,1.257328,1.726956,152.644007,0.2,4
1567,3,1.786265,1.732643,64.216494,0.2,4
1568,2,1.845755,1.727209,107.622932,0.2,4
1569,4,1.781996,1.720075,112.730675,0.2,3
1570,4,1.574299,1.71066,120.77555,0.2,4
1571,4,1.763279,1.443519,86.856436,0.2,4
1572,4,1.186814,2.979463,106.841901,0.2,4
1573,4,1.824592,2.172774,97.942787,0.2,3
1574,5,1.698086,2.512596,80.947705,0.2,4
1575,7,1.335613,0.145748,193.347787,0.2,4
1576,5,1.193241,0.645768,196.547001,0.2,3
1577,7,1.342033,2.980285,191.439381,0.2,4
1578,7,1.534913,2.582358,287.434263,0.2,4
1579,3,1.131192,2.224804,107.46254,0.2,4
1580,4,1.358254,0.93523,241.368995,0.2,4
1581,4,1.358029,2.18513,130.669242,0.2,3
1582,5,1.025516,0.850684,158.071576,0.2,4
1583,4,1.6142,2.556632,88.558093,0.2,4
1584,5,1.318106,1.672581,142.917722,0.2,3
1585,4,1.446895,0.600684,105.636454,0.2,2
1586,7,1.456008,3.087545,335.215181,0.3,9
1587,4,1.07969,2.151316,120.699416,0.2,2
1588,5,1.284117,0.987533,197.231757,0.3,8
1589,8,1.334315,0.054048,315.0044,0.3,9
1590,6,1.078237,0.987516,165.590715,0.3,8
1591,6,1.183056,0.987527,181.681899,0.3,8
1592,7,1.727807,0.987466,307.457477,0.3,9
1593,6,1.092199,2.558331,167.745495,0.3,9
1594,7,1.087948,2.55829,167.069602,0.3,9
1595,7,1.091382,0.583308,167.617382,0.3,9
1596,7,1.198126,2.558355,183.993258,0.3,9
1597,7,1.088673,2.558347,167.208238,0.3,9
1598,7,1.198006,2.55829,184.004991,0.3,9
1599,4,1.037106,2.154135,188.77564,0.3,9
1600,4,1.173328,0.751787,146.883493,0.2,3
1601,6,1.061169,0.583317,207.060756,0.3,9
1602,5,1.721489,2.154023,306.464691,0.3,9
1603,4,1.651054,0.904223,130.506996,0.2,2
1604,7,1.103274,0.782277,287.250823,0.2,4
1605,2,1.824486,2.474817,85.260047,0.2,4
1606,3,1.391689,2.476349,206.105099,0.2,1
1607,9,1.485825,2.358821,382.950555,0.3,4
1608,7,1.008858,2.345859,142.526015,0.3,4
1609,8,1.046431,2.344696,139.009368,0.2,4
1610,3,1.829967,2.123392,70.939936,0.2,3
1611,5,1.323367,0.926867,165.070585,0.2,4
1612,2,1.061441,3.02377,57.785264,0.2,4
1613,3,1.300166,3.014972,111.376981,0.2,3
1614,4,1.0,0.936231,99.18454,0.2,4
1615,4,1.021054,0.933938,101.43163,0.2,4
1616,4,1.047264,0.956682,101.403359,0.2,4
1617,5,1.768997,2.230658,211.484444,0.2,4
1618,3,1.198016,2.678052,87.422857,0.2,3
1619,2,1.909536,2.214055,107.420175,0.2,2
1620,4,1.65666,2.232836,121.440507,0.2,2
1621,2,1.12837,2.545425,53.479607,0.2,4
1622,3,1.045247,0.574025,83.308888,0.2,3
1623,2,1.435786,2.755801,63.497986,0.2,3
1624,2,1.627865,3.073551,58.402848,0.2,1
1625,2,1.082755,0.0108,76.07645,0.2,1
1626,2,1.937607,0.092183,91.06685,0.2,1
1627,2,1.445294,1.666329,145.589056,0.2,1
1628,2,1.288916,1.667772,131.969962,0.2,1
1629,2,1.455516,0.077738,66.342864,0.2,3
1630,2,1.359936,0.089859,128.589304,0.2,3
1631,3,3.327795,0.990259,478.916437,0.2,5
1632,2,1.495023,1.01106,98.565654,0.2,6
1633,4,1.012386,1.673972,125.708991,0.2,3
1634,3,1.040705,3.050304,132.257223,0.2,3
1635,4,2.307717,2.148967,306.871531,0.2,5
1636,2,1.115321,3.045516,72.615111,0.2,3
1637,2,1.425049,0.082082,140.448633,0.2,3
1638,4,1.115629,2.15992,157.265973,0.2,5
1639,2,1.067782,1.0018,138.972086,0.2,6
1640,3,1.439135,0.105203,146.506496,0.2,4
1641,3,1.482052,3.03639,142.036007,0.2,4
1642,3,1.465647,3.046661,141.850658,0.2,4
1643,2,1.900395,3.050052,77.935071,0.2,4
1644,2,1.715746,1.982329,79.801817,0.2,4
1645,5,1.021508,2.216435,126.122623,0.2,4
1646,3,1.463471,0.666747,65.844018,0.2,4
1647,2,1.483591,1.961993,53.980899,0.2,4
1648,3,1.701958,3.055252,60.44754,0.2,1
1649,2,1.408233,3.061982,95.412179,0.2,1
1650,3,1.203331,1.663966,159.310717,0.2,1
1651,2,1.399747,1.640065,89.815435,0.2,1
1652,3,1.700082,3.125884,59.653238,0.2,1
1653,3,1.31332,1.39736,131.935061,0.2,1
1654,2,2.305956,1.874633,94.699857,0.2,1
1655,2,1.231242,1.498999,172.558401,0.2,1
1656,2,1.373628,0.015708,86.036742,0.2,1
1657,3,2.403232,2.822688,93.344077,0.2,5
1658,7,1.339979,2.289407,192.582223,0.2,4
1659,3,2.304044,2.209609,94.46273,0.2,5
1660,7,1.33861,0.859574,192.324848,0.2,4
1661,7,1.34174,2.282789,190.989365,0.2,4
1662,3,2.376554,2.248414,95.833679,0.2,4
1663,3,2.340246,1.08136,93.311622,0.2,5
1664,3,2.342473,2.516878,94.519727,0.2,4
1665,3,1.440214,0.094932,144.587465,0.2,4
1666,2,1.176814,3.037274,58.631427,0.2,3
1667,2,1.377193,0.587278,95.961363,0.2,4
1668,2,1.022831,0.499564,97.478722,0.2,4
1669,2,1.180239,2.641967,52.445491,0.2,4
1670,5,1.314,2.801914,126.329826,0.2,4
1671,2,1.491462,2.862838,91.326139,0.2,3
1672,2,1.571824,0.274636,77.058388,0.2,4
1673,2,1.071057,2.864175,50.289807,0.2,4
1674,2,1.190217,1.836834,85.013125,0.2,4
1675,2,1.387615,0.652775,61.748749,0.2,3
1676,2,1.369173,0.924934,61.950404,0.2,3
1677,2,1.068552,0.922583,50.515149,0.2,3
1678,2,1.231625,0.923587,60.728591,0.2,3
1679,2,1.305014,2.033052,117.5401,0.3,7
1680,4,1.290269,1.51164,107.894264,0.2,4
1681,5,1.315784,0.972371,127.648442,0.2,4
1682,4,1.313295,2.169185,127.558437,0.2,4
1683,3,1.350239,2.584369,130.123988,0.2,2
1684,4,1.05928,0.982051,300.575567,0.2,1
1685,3,1.169509,1.16049,72.117188,0.2,4
1686,2,1.047127,2.594969,54.537243,0.2,3
1687,2,1.146435,0.266451,54.110641,0.3,4
1688,2,2.566648,0.161062,57.377241,0.2,3
1689,2,1.044682,1.297171,107.908624,0.2,4
1690,2,1.195238,1.844113,56.674033,0.2,3
1691,5,2.432807,1.300232,140.943472,0.2,3
1692,3,2.133034,0.973023,152.558697,0.2,3
1693,3,1.278595,1.224148,182.005265,0.2,3
1694,3,1.090954,2.077656,320.364509,0.2,1
1695,5,2.387428,2.433328,142.375708,0.2,3
1696,2,1.108566,2.871983,87.27831,0.2,9
1697,2,1.32805,1.063875,58.824172,0.2,5
1698,2,1.278395,2.651493,145.636302,0.2,5
1699,6,1.016698,0.534407,292.306821,0.3,8
1700,4,1.027935,1.377051,139.007567,0.3,8
1701,2,1.230458,1.799054,173.021848,0.2,5
1702,2,1.536586,2.532017,190.628519,0.2,5
1703,2,1.381574,1.304283,130.2688,0.2,5
1704,2,1.199531,0.554296,140.486494,0.2,5
1705,2,1.357448,2.075176,166.258865,0.2,5
1706,5,2.765951,0.563362,298.450769,0.2,5
1707,2,1.407354,1.788374,217.074736,0.2,5
1708,4,1.092347,0.152918,159.003161,0.25,4
1709,5,1.032132,1.811404,166.706958,0.2,1
1710,3,1.043842,2.905504,153.490429,0.2,3
1711,3,1.468457,1.805998,117.084404,0.2,1
1712,3,1.170123,1.05499,160.308151,0.35,2
1713,4,1.238633,1.346558,157.656155,0.2,1
1714,4,1.142212,1.833341,178.290346,0.2,2
1715,4,1.493826,0.776871,243.512161,0.2,1
1716,4,1.115627,1.400672,163.375583,0.3,8
1717,9,1.509193,1.569333,188.741712,0.3,7
1718,9,1.511161,2.118609,200.069299,0.3,7
1719,9,1.695605,1.5686,186.513876,0.3,8
1720,9,1.676945,2.117275,194.053692,0.2,7
1721,9,1.173439,1.590109,200.295349,0.3,6
1722,10,1.309909,0.786875,409.75705,0.3,8
1723,5,1.418159,0.588683,185.161943,0.2,6
1724,3,1.728686,1.570938,351.367083,0.2,5
1725,6,1.836505,0.787105,173.713735,0.3,8
1726,4,1.000488,0.133077,234.223296,0.3,8
1727,4,1.563983,1.995695,132.871703,0.2,1
1728,3,1.346247,0.674958,238.685433,0.2,1
1729,6,1.650621,2.454799,108.683783,0.2,3
1730,2,1.647474,0.995054,83.53756,0.2,1
1731,2,1.334765,2.674287,91.595933,0.2,1
1732,4,1.380819,0.841712,81.916625,0.2,2
1733,4,1.051089,1.471543,98.662016,0.2,2
1734,6,1.195653,1.480642,243.46416,0.2,5
1735,4,1.341778,1.265233,206.250086,0.3,7
1736,3,2.519208,2.815311,134.795331,0.2,2
1737,2,2.071697,3.072537,195.613353,0.4,1
1738,7,1.232354,0.50023,239.402912,0.2,5
1739,9,1.120186,0.345354,226.575955,0.3,4
1740,7,1.398423,1.764211,294.149149,0.4,9
1741,7,2.849015,3.128246,39.465419,0.3,9
1742,3,1.818429,2.563684,56.05023,0.2,2
1743,5,1.079745,1.78307,276.894745,0.2,5
1744,7,1.374695,0.869337,190.484496,0.2,4
1745,7,1.275306,0.785298,177.789816,0.2,4
1746,2,1.549992,1.027172,56.525157,0.2,2
1747,3,1.337779,2.112472,60.87221,0.3,8
1748,3,1.238125,2.578944,97.688735,0.2,3
1749,4,2.089197,2.58197,39.334066,0.2,3
1750,4,1.513349,0.571294,121.244691,0.2,2
1751,4,1.727548,0.561077,120.757319,0.2,2
1752,4,1.621103,0.292709,99.37805,0.2,2
1753,4,1.247534,2.116377,112.947849,0.2,3
1754,2,1.006532,2.409125,296.352842,0.2,1
1755,2,1.024969,0.275624,95.907297,0.2,4
1756,2,2.096424,0.35042,42.469193,0.3,4
1757,3,1.142518,0.562696,43.805806,0.3,4
1758,6,1.571135,2.26132,227.401551,0.2,5
1759,2,2.66586,0.395491,93.38183,0.2,3
1760,2,1.58007,1.826968,145.739892,0.2,5
1761,2,1.632501,0.355898,143.741766,0.2,3
1762,2,2.812151,2.878872,54.512558,0.2,4
1763,2,1.12143,0.256443,53.087918,0.2,3
1764,2,2.123062,2.453313,429.956333,0.2,5
1765,3,1.534031,0.023166,137.517438,0.2,3
1766,4,1.429501,2.970041,147.797312,0.2,2
1767,2,2.521843,2.078732,598.615531,0.2,3
1768,2,5.225339,2.586482,689.347982,0.2,1
1769,2,1.140798,2.836679,54.507745,0.2,3
1770,4,1.269636,2.060451,140.394383,0.2,3
1771,5,1.416828,0.587782,184.695073,0.2,6
1772,3,2.053781,0.609843,404.064374,0.2,6
1773,5,1.423886,0.483065,191.351643,0.3,8
1774,9,1.572045,1.394469,183.150085,0.3,8
1775,2,1.475353,1.823387,164.377127,0.2,5
1776,2,1.804741,1.514852,177.858545,0.2,5
1777,2,1.313111,1.607256,155.039561,0.2,5
1778,2,1.200577,1.333182,360.37352,0.2,1
1779,3,1.810376,1.81338,259.635118,0.2,1
1780,2,1.395945,1.418985,167.905784,0.2,2
1781,7,1.625053,3.127049,285.006286,0.3,9
1782,9,2.099644,0.349585,417.753681,0.3,9
1783,2,1.196991,2.724041,112.500159,0.2,5
1784,6,1.128823,2.227944,239.674804,0.2,5
1785,6,1.579395,2.206234,78.986815,0.2,5
1786,5,1.245998,0.904038,198.336797,0.3,3
1787,4,1.025747,2.740738,67.837197,0.2,3
1788,2,1.113471,2.01776,167.553969,0.3,1
1789,3,2.022619,3.111391,101.642304,0.2,4
1790,2,2.182543,0.078298,50.631822,0.25,5
1791,3,2.43195,1.072468,151.234304,0.2,7
1792,2,2.014504,2.108965,155.714709,0.2,1
1793,2,2.516421,2.311606,90.287866,0.2,1
1794,5,1.248038,0.578372,206.259539,0.2,5
1795,7,1.315484,0.151799,213.450863,0.2,5
1796,3,1.275622,2.602041,100.539203,0.2,2
1797,2,1.514628,2.949753,160.37403,0.3,8
1798,10,1.201905,1.574108,413.353594,0.2,5
1799,5,1.405708,0.973282,247.532748,0.2,5
1800,2,1.438717,0.239525,171.632851,0.3,8
1801,2,1.430061,0.185264,171.336742,0.3,8
1802,3,1.915256,2.545376,384.494536,0.2,5
1803,5,1.437863,2.171425,263.421427,0.2,5
1804,5,1.182033,2.489322,419.244944,0.2,5
1805,9,1.357487,2.269568,222.659291,0.2,5
1806,10,1.40934,2.718417,236.866764,0.2,5
1807,11,1.401414,3.057655,232.557944,0.2,5
1808,10,1.30199,2.781202,188.725503,0.2,5
1809,9,1.543826,0.083916,227.525366,0.2,5
1810,3,1.214285,0.095443,364.616796,0.2,3
1811,5,1.333038,0.133324,191.987007,0.3,8
1812,10,1.195361,1.578539,410.811615,0.2,5
1813,7,1.242106,1.638309,188.740607,0.2,5
1814,7,1.141421,1.499588,163.158611,0.2,5
1815,2,1.410876,0.928384,65.702858,0.2,4
1816,9,1.066172,0.454777,115.853182,0.3,8
1817,8,1.839095,2.700415,65.586857,0.3,8
1818,9,1.67336,1.97244,198.765909,0.3,8
1819,5,1.060201,1.581277,267.145369,0.2,4
1820,2,1.523834,2.030146,194.283837,0.2,5
1821,5,1.878477,2.350802,170.742601,0.3,9
1822,6,1.876101,2.358146,170.282171,0.3,9
1823,6,1.906516,0.784075,171.323565,0.3,9
1824,5,1.859205,0.787081,171.971138,0.3,9
1825,9,1.119622,2.782837,161.261341,0.2,5
1826,6,1.267024,3.05733,155.778211,0.4,5
1827,7,1.333529,1.573195,170.326805,0.3,7
1828,7,1.365347,1.573201,166.278935,0.3,7
1829,7,1.568577,1.573188,191.726385,0.3,7
1830,7,1.608772,1.573198,194.200588,0.3,7
1831,7,1.352253,1.573152,162.922523,0.3,7
1832,6,1.369717,1.05382,221.054041,0.3,8
1833,6,1.574886,1.573168,195.602046,0.3,7
1834,7,1.336407,1.573224,165.66659,0.3,7
1835,7,1.328659,1.573202,167.265855,0.3,7
1836,7,1.341876,1.573167,166.581063,0.3,7
1837,7,1.572102,1.573173,193.92626,0.3,7
1838,7,1.338525,1.573181,170.275756,0.3,7
1839,7,1.36422,1.573195,168.394998,0.3,7
1840,7,1.361158,1.573231,166.045144,0.3,7
1841,7,1.572778,1.573181,189.476789,0.3,7
1842,7,1.592155,1.052249,178.36261,0.3,7
1843,6,1.22221,1.052965,189.698321,0.3,8
1844,6,1.372528,3.066122,139.828563,0.6,5
1845,4,1.529563,1.63884,121.769368,0.2,2
1846,2,1.436697,1.148911,159.681208,0.2,1
1847,2,1.594583,2.84041,80.278227,0.2,1
1848,2,1.266464,1.820773,127.381659,0.2,1
1849,2,1.332435,0.927717,66.551234,0.2,3
1850,2,1.761222,2.115426,45.118379,0.2,3
1851,2,1.030008,1.859035,155.162131,0.2,5
1852,2,1.600411,1.313275,80.471186,0.2,5
1853,2,1.371672,1.828088,91.34994,0.2,5
1854,2,1.619141,1.321743,138.989851,0.2,5
1855,5,1.51336,0.795691,199.962838,0.2,6
1856,5,1.503592,0.795717,192.803526,0.2,6
1857,3,1.610729,1.185027,145.467429,0.2,1
1858,2,1.304353,0.423755,105.412989,0.2,2
1859,4,1.019521,0.373739,121.828251,0.2,1
1860,2,1.227707,3.030105,99.686742,0.2,1
1861,3,1.447353,1.329777,154.632656,0.2,1
1862,4,1.265501,1.389836,238.65391,0.2,2
1863,2,1.585791,1.984267,139.980598,0.2,2
1864,3,1.705009,0.126621,76.210994,0.2,3
1865,9,1.180392,1.564927,196.264957,0.3,7
1866,9,1.126242,1.59665,191.262113,0.3,7
1867,3,1.280009,2.824623,129.302668,0.2,1
1868,2,1.453715,2.571596,87.489639,0.2,2
1869,2,1.549341,0.579367,77.968116,0.2,2
1870,3,1.855547,0.47196,88.125223,0.2,1
1871,3,1.102166,0.43707,136.097488,0.2,1
1872,2,1.109361,1.363639,96.766025,0.2,5
1873,2,1.074541,0.207147,100.373087,0.2,5
1874,6,1.875828,2.356019,173.031003,0.3,7
1875,5,1.330786,0.133426,169.816907,0.3,8
1876,6,1.546936,2.608499,205.723474,0.3,8
1877,4,1.11535,2.115973,167.414292,0.3,8
1878,5,1.285492,0.543067,178.153186,0.3,8
1879,6,1.302229,2.113196,178.911895,0.3,8
1880,6,1.754388,2.107837,249.56498,0.3,8
1881,5,1.294209,2.103767,179.885813,0.3,8
1882,6,1.270649,0.544252,181.785037,0.3,8
1883,5,1.301538,0.531381,183.039313,0.3,8
1884,4,1.117698,2.130834,164.147596,0.3,8
1885,7,1.133209,1.504168,199.056508,0.3,9
1886,8,1.728313,0.013272,303.137876,0.3,9
1887,7,1.714777,0.013236,312.217483,0.3,9
1888,5,1.623922,1.81725,194.525286,0.2,5
1889,5,1.088268,1.662168,134.764838,0.2,3
1890,5,1.250832,0.539951,179.911755,0.2,8
1891,5,1.250794,0.539704,179.908429,0.2,8
1892,5,1.687241,1.577931,184.702677,0.2,5
1893,5,1.695859,1.564386,183.055101,0.2,5
1894,2,1.237524,2.92779,189.163423,0.2,5
1895,10,1.208578,1.589488,416.267082,0.2,5
1896,11,1.20711,1.565365,415.866376,0.2,5
1897,6,1.290111,1.054143,204.939157,0.3,8
1898,5,1.23935,1.023871,187.414474,0.2,2
1899,4,1.242672,0.983061,132.110525,0.2,3
1900,4,1.732577,1.366442,99.412781,0.2,2
1901,7,1.049098,2.321184,239.516338,0.2,4
1902,5,1.041271,0.997323,166.73503,0.2,2
1903,3,1.268134,1.229741,132.516788,0.2,3
1904,4,1.607533,2.587258,132.709419,0.2,2
1905,2,1.036262,2.902884,47.013261,0.2,2
1906,2,1.064614,2.917194,45.696095,0.2,2
1907,2,1.069413,2.924203,45.400538,0.2,2
1908,2,1.069377,2.922687,44.752814,0.2,2
1909,6,1.333156,2.60175,192.032092,0.2,8
1910,8,1.235609,3.127886,217.980789,0.3,9
1911,2,1.039966,2.902331,48.206228,0.2,2
1912,2,1.113441,2.930805,45.661811,0.2,2
1913,3,1.630358,0.553155,107.661387,0.2,3
1914,4,1.264267,2.222078,131.96123,0.2,4
1915,5,2.126242,0.209217,215.139628,0.2,2
1916,8,1.824237,1.635863,492.277487,0.3,8
1917,4,1.027621,0.550627,46.215358,0.2,2
1918,4,1.062877,0.567084,103.567035,0.2,2
1919,3,1.531207,0.2718,113.503552,0.2,2
1920,4,1.432486,0.57797,68.028092,0.2,2
1921,2,2.210133,1.037104,55.600158,0.2,3
1922,4,1.673136,1.35755,130.156804,0.2,2
1923,4,1.480158,1.784048,123.941086,0.2,2
1924,4,1.370297,1.769343,134.071489,0.2,2
1925,3,1.441692,2.851297,70.786542,0.2,2
1926,5,1.456623,1.351239,140.531596,0.2,2
1927,6,1.304193,2.158185,168.389731,0.2,6
1928,6,1.305333,2.158102,171.898225,0.2,6
1929,4,1.341371,1.78198,162.329426,0.2,2
1930,4,1.812547,1.784177,89.999928,0.2,2
1931,4,1.910506,1.359613,112.500521,0.2,2
1932,3,2.055545,0.898413,81.140107,0.2,4
1933,3,1.57768,1.712884,75.616397,0.2,4
1934,3,1.142285,2.220653,111.440517,0.2,4
1935,3,1.478375,2.581247,67.566759,0.2,3
1936,3,1.182007,0.140912,169.932597,0.2,1
1937,4,1.14646,1.429888,145.004604,0.2,3
1938,5,1.475027,3.073643,274.347922,0.3,9
1939,4,2.191558,0.226879,80.051315,0.2,1
1940,4,1.019472,1.026523,139.940512,0.3,8
1941,7,1.322434,0.783251,186.267964,0.2,4
1942,10,1.106384,0.583105,216.988368,0.2,5
1943,4,1.858073,1.414992,74.948442,0.2,3
1944,4,1.126491,0.560148,106.305595,0.2,3
1945,4,2.423736,2.574118,97.48691,0.2,2
1946,4,1.835045,2.563463,66.249873,0.2,2
1947,3,1.372084,0.385786,98.917375,0.2,3
1948,7,4.473284,0.304786,415.61645,0.2,6
1949,8,2.909957,0.301807,278.41984,0.2,6
1950,4,1.37706,2.101897,109.664702,0.2,4
1951,3,1.683772,1.421801,122.058573,0.2,4
1952,3,2.13919,0.575749,84.951349,0.2,3
1953,4,1.423695,2.575305,65.64012,0.2,2
1954,3,1.168334,1.43137,102.278965,0.2,3
1955,4,1.63009,0.578143,58.833532,0.2,2
1956,3,1.38643,0.597017,56.84481,0.2,2
1957,4,1.363319,0.256586,96.072468,0.2,3
1958,5,1.557469,0.248722,109.937037,0.2,3
1959,4,1.813962,1.419071,127.412224,0.2,3
1960,6,1.195959,0.935744,146.224158,0.2,5
1961,5,3.506437,1.063475,298.806437,0.2,6
1962,7,2.962519,0.311333,278.482547,0.2,6
1963,5,1.080385,0.994721,164.541622,0.2,3
1964,2,1.242998,1.622327,329.128163,0.2,2
1965,2,1.604547,0.266575,59.85101,0.2,4
1966,2,1.163172,1.184979,56.303651,0.2,4
1967,2,1.163838,1.184876,56.276658,0.2,4
1968,2,1.60675,1.081085,71.209463,0.2,3
1969,2,1.849788,2.069255,22.909923,0.2,3
1970,2,1.308337,0.440262,135.210903,0.2,5
1971,3,1.221305,2.24781,113.916619,0.2,2
1972,3,1.585184,2.164264,69.45021,0.2,3
1973,3,1.066323,2.573568,109.903761,0.2,3
1974,5,1.970744,2.921751,75.675624,0.2,4
1975,3,1.02268,1.889614,123.421175,0.2,1
1976,2,1.677684,2.215168,36.16211,0.2,3
1977,2,1.455705,0.572206,37.406811,0.2,3
1978,2,2.011772,2.190291,51.412872,0.2,3
1979,3,1.617121,2.224877,178.652887,0.3,4
1980,7,1.01738,0.796896,146.188464,0.2,4
1981,4,3.170716,0.761021,57.564872,0.2,2
1982,4,1.718795,0.575889,105.923718,0.2,2
1983,3,1.005688,0.85234,129.830423,0.2,1
1984,3,1.765695,0.831415,180.637142,0.2,10
1985,2,1.196104,2.359132,84.488262,0.2,2
1986,2,1.354845,1.321127,59.384721,0.2,1
1987,4,1.787243,0.598015,89.438687,0.2,2
1988,4,1.102076,2.799989,212.063829,0.3,1
1989,7,1.012081,2.367687,145.062634,0.3,4
1990,2,1.473308,2.654866,72.847222,0.2,4
1991,4,1.735756,0.560322,115.803524,0.2,2
1992,3,1.323301,0.559167,60.226324,0.2,3
1993,3,1.386997,1.662682,141.629692,0.2,1
1994,2,1.16841,3.130832,83.670938,0.2,1
1995,3,1.199578,1.632447,67.433726,0.2,1
1996,3,1.500183,3.101055,219.999574,0.3,10
1997,8,1.845882,1.63584,406.64469,0.3,4
1998,3,1.01756,2.770377,255.888871,0.2,2
1999,2,1.131829,0.331863,79.561944,0.2,1
2000,8,1.183782,0.554579,234.842314,0.2,5
2001,11,1.498796,0.574919,353.0666,0.2,5
2002,8,1.256834,3.139649,192.216687,0.3,9
2003,8,2.010567,3.139807,331.209645,0.3,9
2004,9,1.219269,2.762868,192.563199,0.3,9
2005,9,1.330474,2.831414,293.0042,0.3,9
2006,9,1.199261,0.72271,192.816251,0.3,9
2007,10,1.198147,0.378725,192.748757,0.3,9
2008,2,3.093401,1.425352,51.408265,0.2,3
2009,2,1.50669,1.71624,72.308831,0.2,3
2010,2,1.17964,1.674056,22.651028,0.2,3
2011,6,1.228931,1.916224,186.544194,0.2,4
2012,9,1.08881,2.985694,422.38293,0.2,5
2013,2,1.173263,2.925163,70.701546,0.3,3
2014,2,1.009239,2.881506,59.27306,0.2,4
2015,2,1.23347,2.954841,40.983451,0.2,3
2016,11,1.376807,0.467875,273.832644,0.2,5
2017,2,2.195515,0.987594,101.393099,0.3,9
2018,2,2.195627,2.15409,101.400142,0.3,9
2019,2,2.067353,2.279815,38.156907,0.2,4
2020,3,1.254059,0.652464,85.027999,0.2,7
2021,2,1.031246,1.848678,115.224714,0.2,2
2022,3,1.167279,1.125747,59.671205,0.3,2
2023,2,1.208016,2.767723,62.811767,0.2,9
2024,2,1.103403,3.054334,51.269254,0.2,4
2025,2,1.362468,0.646979,40.968553,0.2,3
2026,2,1.118353,2.657791,55.513626,0.3,9
2027,2,1.136138,0.530115,57.222812,0.2,3
2028,2,2.354707,0.172675,36.841979,0.2,4
2029,6,1.007029,0.519261,140.705477,0.2,4
2030,2,2.243934,0.388764,36.475613,0.2,4
2031,2,1.480638,2.869496,74.610055,0.2,4
2032,2,1.686696,2.789206,29.830701,0.2,3
2033,2,1.480827,2.952614,163.498749,0.3,8
2034,3,1.677383,0.259026,145.013552,0.3,8
2035,2,1.636122,0.230217,149.654882,0.3,8
2036,2,1.142643,2.892001,53.848656,0.2,3
2037,3,2.399452,2.818726,95.765237,0.2,5
2038,2,1.953061,2.311545,430.490581,0.2,1
2039,8,2.006597,2.385904,321.413449,0.3,10
2040,2,3.221285,0.572212,64.943695,0.2,3
2041,4,1.32307,0.006081,226.881043,0.2,6
2042,7,1.255113,0.42168,235.662804,0.2,5
2043,7,1.573531,2.765753,220.707325,0.2,5
2044,10,1.323906,2.359533,406.962235,0.3,8
2045,2,1.516907,2.672686,16.3615,0.2,3
2046,2,1.863023,1.044292,19.199671,0.2,3
2047,2,1.319158,2.575967,19.003049,0.2,3
2048,6,1.079001,3.121051,121.143974,0.2,5
2049,8,1.169191,0.013708,157.051127,0.2,5
2050,7,2.245594,0.015315,66.032911,0.2,5
2051,7,1.18602,3.126278,156.744435,0.2,5
2052,3,3.283613,1.575246,455.138506,0.2,5
2053,6,1.977017,1.560777,399.413887,0.2,5
2054,7,2.728992,2.354165,380.847817,0.2,5
2055,6,1.042965,1.568002,152.536,0.2,5
